eelorsv,2
eginrsuvy,1
chittw,1
abbeiiilmprrttuy,1
adeertw,1
bdeehl,1
adeertv,1
ddegilnru,1
adeks,34
adeertt,2
eeghnnrstt,1
eeglnt,7
einquu,1
aegilnn,3
accdeint,1
deelly,1
aegilnp,3
adegiknnrtu,2
deefiirrt,1
aaccilprt,1
aegilnv,7
eeenpsx,1
acdeemn,1
adeln,1
gghiins,2
bcenorstu,2
aeemnptv,4
afggiimnny,1
giinprrssu,2
adelr,2
beeirrtt,1
acdeeers,1
clmpsu,1
moors,5
aegluvy,1
aehps,3
adeillmrt,1
aegillv,3
ademr,2
elmst,2
aillv,1
ademn,2
aerswy,1
accdeily,1
gimnotu,1
acelmnss,1
deflnoruw,9
adekmr,3
adekms,2
aeerrtt,1
cilnnoostuuy,1
aeeiiilnqstu,1
akrst,1
deeegrs,2
adefilmn,1
adeklw,24
aceltxy,5
aaegilnnrtt,1
bghinrsu,1
aacdiosuu,1
aadeegggrt,1
efilny,1
dghiin,1
eeqru,2
einsstw,3
eelorstu,2
cdeiinort,3
eeilnrty,3
acdeelr,2
diknrs,2
afltuy,1
adegr,1
agnps,1
ehorty,2
aegilnst,1
emnoorsu,3
empty,4
ceilnps,1
ailrwy,1
adegz,5
eeilllmv,1
deelpy,7
aaginorstv,1
ddeeinst,2
knpsu,1
adeeiimmt,3
acggrsy,1
abgrs,1
adehl,1
beghirstt,1
adelnst,1
beiiiilopssst,1
adehs,19
accceimnrsstu,4
adehr,42
eghhist,4
aehks,2
aegiinprr,1
cenrrtu,1
adeht,7
afknr,1
aegilnrt,1
cceinnoopt,1
eiqrsu,1
eehnorssttuw,1
adeenrrsw,1
ghilnstu,2
aeghinr,7
bghit,1
eerssttu,1
aeghinv,1
almnowy,1
ggiinnor,2
dgiiinnty,1
dnorrsuu,3
ellnoow,1
agnry,3
aehlw,3
adeis,8
aaadegntv,4
agnrt,2
acdeilttuv,1
efilst,8
adeerrs,1
bgiilnty,1
eelssv,4
cdeefilltuy,1
egiilnnst,3
eimntu,5
aelstty,2
gnouy,24
egilmnopy,1
abceint,1
deeilnst,5
defilptu,1
adekqu,1
ehorst,11
ehorss,6
bddenotuu,1
cehiknt,4
ggiinnnr,2
dgiimnoss,1
aaciiinnopstt,1
ehitw,30
agnsw,2
ehorsy,1
einprrttu,1
deelmt,1
aehnpp,6
bckooopy,1
aehms,1
acckrs,1
ehorsw,1
aacmnst,1
efilrt,1
acdeehr,14
bbcdeefgiikllnnoru,1
eefnrtv,2
aeilnort,4
aeghiln,1
dersttu,2
eeginnu,1
ahlpss,1
achiimnoprst,1
acdeemnopss,1
eelstt,2
ghinortw,6
eglosv,1
eeginnv,7
acnsty,1
aemrstt,3
deenrrs,2
fghiinst,1
efhirs,1
aemrstw,1
ddeeoprw,1
eiltt,2
aehlpsst,1
adelnpt,1
deginnopr,1
achirs,1
chilly,1
aegilrrru,2
aadeilss,1
agiikllnnoop,1
flouw,2
deipprst,1
aclmmy,1
elmno,1
enstu,1
ehirt,130
afginry,1
acdlnost,3
deelst,3
inoopprttuy,2
adeillrsttu,1
deeoopprtv,1
acdehnst,2
ddeeinnt,2
aabdorrst,1
dhlosu,70
aacdeilpttu,1
adegirttu,2
cnorsw,1
giinntw,2
ghiinns,3
demmrruu,4
ceginrsu,1
ehnost,2
aabdeemrrss,1
abddeeht,2
bdelmmu,1
abilrttuy,1
adeellnquu,1
aenoss,3
eilrv,1
deginoruv,1
abceeiillnpx,2
aghhoopprt,10
deginnorw,2
aehht,1
deelmopy,3
accelmmnoop,2
dfgiinn,4
adesty,4
deemorv,1
ceeinotux,1
adestw,2
aeeiinnoprrttt,1
eilss,1
eilsv,3
agnor,2
giinrsuvv,1
afkln,1
accceimnrstu,1
eenoprss,1
gnorw,7
aacdlns,4
agnoy,2
bgiilnor,1
accdeinst,1
aeeilmnnst,1
ddehnru,10
giinnru,1
amnoprsst,1
dehirru,5
bdeelt,1
ceerss,1
addeiinoppst,2
adeswy,2
eilpr,1
eilps,1
ginopprsu,1
aeprs,7
cdeeelst,1
adeehistt,1
cdeiorsv,4
gnoor,1
aepry,1
addeeprsu,3
ccceeinnos,3
eehst,68
abbelopr,2
dfins,1
ceerst,7
aagillnpp,1
ceersu,8
acehprt,7
hosstu,5
fklos,1
bcginorsu,1
aceenrssy,7
adeimrr,3
agilnprsw,2
acdeennrt,1
aellmorsuv,2
aagiknw,1
bdeilor,2
cdenorstu,1
aaahlmnpst,1
ceeeegimnrs,1
aklnps,1
aabdeehrrt,1
eehrw,61
eehrt,219
bcektu,2
gorss,1
ffginpu,1
eeprssx,1
aiilmntt,1
cdeekkknno,1
deellry,3
deenrrtu,16
adelnnp,2
ceiknsss,1
aeefnrsst,1
eilnn,2
addejstu,2
cdellnoort,1
adgiimnrs,1
eprtty,7
aerssu,3
eilns,5
acdeiqru,2
dehmot,2
aabcdeln,1
acdemor,1
bddefor,1
aeemns,1
acdnnu,7
floor,6
floos,4
aceemorv,2
ciiopsssuu,5
ainnstt,12
biilnoov,1
eflmsy,24
aerstw,1
eeelmrtxy,1
eeemrsttx,1
bdeeis,9
cdlloy,2
bginrstu,1
bdeeil,1
ehilt,1
aghinorrw,1
ehilw,48
effinossu,1
eehtt,10
ddeefmor,1
efoopsstt,1
aeegrrt,3
acdehinnr,1
eeehirss,1
ghiinss,1
acehlmoorsst,1
fhlsu,1
degiu,1
cceeeinnnov,1
defgor,1
ceehims,1
acceiimmnotuv,1
aceinostu,1
cdeffisu,1
belmrstu,1
adeirrsuy,1
eeilmmnsy,1
deeopssss,4
eelnprsty,12
eersstt,10
bcmru,1
abefhl,1
ghiintt,1
degir,1
addeffor,2
aeprssst,1
eeiinsstv,1
ackkn,1
adnno,1
abddeest,1
acdemn,1
bdelmtu,1
aailprssy,1
ceinorsux,1
aehlssss,1
aegilnopsttux,1
bbinors,1
adinty,1
ginnot,1
cddeinotu,1
ekloor,1
hlloy,2
aegnrrsst,1
acilos,1
aaeklop,1
abeeflln,1
cdgiiinnt,1
aaelrt,1
eeiqrru,1
ginoppssu,1
ailorss,8
giloorsu,2
acklo,2
ejnoruy,1
cdeefnoss,1
degippr,1
aeimmnopt,1
eeisz,1
cdeinort,1
deikrst,1
deikrsu,1
addegln,1
aacilttuy,1
ackls,1
cenoqru,1
aeeimmnt,2
ekloost,1
abhilmntu,1
abhit,4
deeepst,3
cddeeiprt,1
emrstyy,2
eeeglnt,1
cdeinors,3
acdeot,1
degju,3
abeehrst,1
acghintw,8
eghiimmnrs,1
abceeelprst,3
acdeelmnoptt,2
aabilnssttu,2
aabcilnn,3
deeppst,9
aeiimntt,3
acinrtu,1
ceehins,1
eirstuv,1
acehrs,5
agilnpy,4
aacchilmot,1
hirstt,1
aaeellnrtty,1
bdeefllosw,1
acdiiinnot,1
aadegnrr,2
abdettu,2
belmmoorru,1
ansuy,1
achins,1
aacdelnr,1
aiiimnooprsstv,1
aghikns,4
eghiinrsv,1
aceeissst,1
aopruv,1
addeginnnrstu,1
abddeenr,1
almor,2
acders,5
bdelmoo,1
acdert,2
aemrsstt,2
ehiprs,1
acderv,1
ccennor,3
chikns,1
ilntu,27
eillnsty,1
aagiilnnuv,1
eenoprsss,2
cgilnnnuy,1
deotv,2
ehinors,1
afginnn,1
almpy,1
ghimty,6
aceillrs,1
aceeehimntv,1
almps,3
ampst,1
egoru,2
aenors,17
bkluy,1
adhirtww,1
eehorvw,6
ceeeissvx,1
eilstt,1
adeginprsu,2
agilnnp,2
aeginpprr,1
filnty,1
acceelnrtu,1
adghilty,1
cdelnostu,1
ceelmow,1
aabcmn,2
emorsuy,2
cdeepsstu,1
dginoopr,1
crstu,1
cemos,7
ceghhiinrs,1
cfginnnoort,1
elmoorsy,1
bemors,1
accinooss,1
deelnoprux,1
ciimtv,2
aenopw,2
bilmny,1
eosttu,1
aamss,2
acdiijlu,1
ccehiost,1
cdeors,1
ablorsu,1
acdesu,3
ceelmnt,1
aacfinr,1
eegiilprv,2
deenrsttu,1
eeinr,10
bdeeostw,4
eiinqru,1
gijmnpu,2
dinoww,16
eimnstu,8
aaegiiimntv,1
adesv,5
aehvy,17
airsst,4
adesy,35
denoow,6
deorrs,5
ailrt,1
egoos,1
cnorw,4
abbegl,1
blost,1
deghiilsst,1
ddeeerst,2
eelrstt,3
effginrsu,3
gilnoppt,1
eiinrsst,1
eelmoprsy,1
ddenosu,4
cortu,4
aeiilmnptty,1
ceeitx,1
acellry,5
aoprru,1
eeginpr,2
eeginpp,1
aceeeilmnpt,1
elrstu,5
airstt,1
acellrs,1
accinoos,2
bdelortu,3
cddeeipt,1
ailst,1
hprrsuy,1
efgginortt,1
cdeejkoy,1
ehrtw,8
ccoru,2
acdeeilnpprru,1
ilnos,1
deejoorvy,1
adeeeilnt,1
eeginpw,2
adeinrst,1
ellmnosy,2
acdees,4
aeinprst,1
hiknt,42
cdeeopr,2
bceeijstuv,1
aeinprss,1
bberru,1
egilnorw,1
ailty,1
adfhlnu,2
cnotu,3
aceeglrss,1
acdehr,1
acdehs,2
ggiinnsw,3
aacdeknrs,2
abenrz,2
bdehrsu,1
aeefmnorrsy,1
eeehmorsw,1
aeellntuvy,1
aghirs,1
abenry,1
ellnosw,1
elrsuy,5
aceiilmpst,1
adeeimnoprst,1
ailtv,1
acdehk,1
aeeemmnprtt,1
ccginnorsttu,1
acegimnrs,1
bdeflmu,1
abenru,1
addehlmpssu,1
adeillnu,1
aceerrsty,1
eginor,3
aceerrstu,3
acggilnn,5
deorv,9
ahirt,2
anstw,6
dghhilost,1
ccdehltu,1
ggiinnrw,1
adevw,4
giiknns,1
deknott,1
cdeenostt,1
adeflot,5
egopr,1
aeeilrrttu,1
eeeennstv,1
deeehlw,1
llorst,1
elnoss,1
aehlnrtuy,1
deeopprss,1
ceimrs,2
aabeiilnrv,1
aadehwy,1
ddeehnorsu,1
eeflnqrtuy,3
acegginnoru,1
giiknnw,2
eeginrv,1
cfinnoosu,1
eiorssu,5
cefghint,1
eiorsst,1
deorr,12
bdenoy,10
ddenoru,1
aehrt,17
ailns,1
ailnt,1
aehrs,3
aeinoorrstt,1
aailnnot,3
adeefinrr,1
aceeillnrsuv,1
ailnp,4
bilopssy,2
ccdeiopu,7
eimnno,1
ccdeemmno,3
abchnr,3
aeellpprtuy,1
aceinoprtu,1
eeelssv,1
denorw,4
acehlp,1
aehsv,1
aehss,3
eeilnnsst,1
aehst,4
deefginnu,1
ffgiinps,1
aeikmsst,1
ceeipr,1
acceiprt,3
ceeips,2
deiqttu,2
accghint,1
elpuzz,1
einoqsstu,2
deooorsw,1
adepv,2
abeirrz,2
denory,2
aeelnprtv,1
eeeiprssvx,2
ailmmort,3
acdeiv,2
definrs,1
cdeoprru,2
demopprt,1
iiorstv,6
gilnnuzz,1
aceellrssy,3
ceeorrssu,1
corss,2
borstu,2
aacdefinst,1
inopst,2
ceeilns,5
acemopr,2
aeimnrrs,1
fgilnow,1
acdell,30
acdelm,2
aginostt,1
bginruy,1
acdeln,8
gimnopp,1
ailpr,1
acdelp,11
aeghhiinstww,1
eeirrt,1
fgilnoo,2
acinnorstt,1
ahopst,1
eeinrstt,12
addeopt,1
eginsu,1
acdekp,2
adert,2
aceilprst,1
aimnnostu,1
acdeks,1
beemnorv,1
bdeerttu,1
acdeeillty,1
aders,1
aacfir,1
adery,9
deorst,3
abcehmrs,2
deorsu,1
ahint,1
eefnortu,1
adghinosw,1
aginnpps,2
eeirss,3
adinrw,1
cilorsuuy,1
acdeepr,1
ceeilprsy,2
acdeeps,2
eeinrsuv,1
eeefinrrt,3
aadilwy,1
behilorr,2
eginrs,1
cdeeorv,7
aadeeppr,12
deghilnorsu,1
clmopy,1
bceemos,3
abcelllnnoortu,2
aeglm,1
abdelst,1
aegln,8
epprsssu,2
aegll,1
acdeeghnx,1
ellss,2
aeikmst,3
allsuuy,4
iilmt,1
addiv,2
aegls,1
cdostuy,1
aeglr,17
accdeimmnotu,4
aginsy,11
agillmnu,68
abbost,1
aeirrv,3
eoprstu,1
acdorw,1
ersttu,1
eiinorrt,1
eimotv,2
ddginpu,1
eillooprv,1
abhorru,1
deglorw,3
aceilst,1
ainqtu,2
aginrv,2
ehossu,5
defioprt,1
ggiiimnssv,1
aelssst,1
cdeeeiprv,3
abeeiilmnst,1
aceeimnqrtu,1
celmoy,1
defilru,1
aegllrruy,1
aegnr,1
deelstt,3
beggilnno,3
eeginpsw,2
ddeenru,1
aceilrt,1
dgikmno,2
adenorstuuv,1
efghiilrt,1
aaegpss,5
diimnnoo,1
aegnt,4
cddeennou,1
bimrs,1
eeginorsv,4
deewy,1
hirst,9
ceefhlru,1
adeenoruv,3
cemooprs,1
acdenosvy,1
bdeeiss,5
bdgiinn,1
ceeeimnn,1
bddeirstu,1
glnsuy,1
iiprsstu,1
korsw,1
addeeknr,1
aginnort,1
iinnoop,2
aciillopt,1
aehinppss,3
deevx,1
aginpy,6
adelnp,1
eeilttx,1
ddginno,2
elmosuv,1
eghinorv,1
acdeeklns,1
bnnottuu,1
cdefor,1
bchlooossy,1
aaddemrsy,2
aistw,2
addef,6
aadhilly,1
abelsty,2
acehimn,1
deeiinoptx,2
adder,1
aefimn,1
aeeggnos,1
emorw,1
agmno,22
ceilss,1
addet,1
kortu,1
cdeenovy,3
egilntt,1
dehilosuy,1
aegim,4
efhlttw,1
adelpy,3
emoss,1
emosv,1
aginrstt,3
bdeeimt,1
dgiiklnns,1
ellps,1
emost,1
ahprs,7
aginvw,3
forsty,2
adiloorstu,1
aeilnnrt,1
aeqrssu,4
adeeegrw,2
eillvy,1
eeilnstt,1
eegginrst,1
ghinostu,2
diilv,2
aclmoru,1
beefil,2
abciimnnoost,1
knosw,5
aeilnrstv,1
ellms,2
aaginoopprt,1
cehirt,1
aginrssu,1
aceeilllnttu,1
aachrrst,1
aeglns,1
adeestw,1
cehirr,1
ahpst,1
ddeeehillsv,1
aceehrs,1
fgiinr,1
aabcgiikllmn,1
acdefin,1
deess,1
deemnnostw,1
ciiloorst,1
acdhorr,1
beirtt,6
deesw,3
knost,2
ahknst,1
diiot,1
adelst,3
bddegin,1
afilmy,6
aceilmt,1
dlnnoo,5
bdelou,9
dhiorr,1
bdelot,3
aceilmr,1
adelry,2
aaccddemmoot,1
aehors,1
aeilnrsuv,1
enrty,3
giiknnst,1
ahmnoss,1
deeeprrsv,1
eeltvw,4
adeghmnorrt,1
addeginrss,2
bdeeglno,1
eeltvv,1
hiknst,12
beirsu,1
cdeeeiptv,1
eilltt,114
achiinrst,4
aceilmx,1
aaeeehkprss,2
defilxy,1
abiimostu,1
alnotw,2
cdekoor,2
ddegiklnnos,1
aelopsst,3
acins,1
egnoruy,3
chlnu,1
acinp,1
abbdegl,1
cddeeiorsv,7
giilnppr,1
adeitttu,2
ceeellntx,3
deefiiilnnty,1
giilnpps,3
agiintw,9
aeeirrst,1
aemrrst,1
ehinnssu,3
adeklnp,1
aafiiilmrty,1
aeehnooprrs,1
ddgiilnr,1
ellssw,1
cddeeinorsuv,2
ceiopprs,1
aeqrrstu,3
eikrsst,2
hllowy,3
cekknor,3
beeegimmnrr,2
acenorsst,2
adforrw,12
ffgino,2
aegiimnnx,1
aclnry,1
hrttu,4
deemnoy,1
aegiimnnr,2
adlsy,1
eefmoprrr,1
cdhtu,2
eilmntuy,2
ddeghiiinsstu,2
ceeilnot,1
agiinrs,4
ceeilnov,1
acddinorst,1
hiilmtuy,1
eillwy,1
aacciopsu,1
eeegtt,1
aceknnttu,5
mmnossu,1
aeimssv,2
deehirtw,1
deillottvy,1
cefinnooss,1
egoprrss,1
aeehlnvy,1
aginpprst,1
aacenpsu,1
addde,7
accelno,3
chlot,2
eeeiqtttu,1
abdhknoo,1
aacrttt,2
eeorrst,2
adeeeprst,2
deiistv,2
ahppy,7
bceeinssstu,1
deens,4
begilnss,1
bbhoy,1
aertwy,3
aemnnrs,1
aalrsy,1
beeellnnotvy,1
aeenrr,3
aeopr,1
adlmy,1
aaddeiirrt,1
fgiimnstyy,1
ceorsss,1
dehlorssu,4
defiijstu,1
ghhloortuy,2
filstwy,3
deeir,1
delnooprsuy,1
eenprtv,1
deehw,1
cdgilnos,1
aceeinopttx,1
aeiilnnottv,1
ceikrty,1
bcdeklo,1
deehiprsw,4
bcdeklu,1
degnooss,3
adeemort,1
adefiilnquu,1
eghhinss,1
aadehms,2
bimnsu,1
giinort,1
eenprst,16
ikrsst,3
aehmostw,5
adelopr,1
cdeginnnot,1
abcehkors,1
ddgiilmn,1
ciksst,2
ademrsw,1
chistw,2
cddeeinors,3
ejnos,5
hmnost,10
acilm,2
eikls,2
aqrtu,1
aikmnnosw,1
elrttuy,1
ejnoy,3
abekorrstw,1
aillnortuvy,1
aabddenno,2
bcejot,7
bhrsu,9
acerst,1
eenrst,1
aceenrttu,1
acfhltuw,3
eenrsv,4
aeeeilnrrtv,1
hmoruu,2
iilmst,1
cekrw,3
deeegr,3
eegrv,1
aceoortv,1
adeenrsw,12
belstu,2
abbors,1
aeilrrty,1
bdhiloorstty,1
ddefirt,2
denprsu,1
beilopss,17
fggoy,1
eilmnoosst,1
befirs,1
beefor,78
effiort,1
ceehks,1
eeeglmnnt,3
acdeegnoru,1
aehlstty,1
aalrt,1
bbderu,2
acdemmnors,1
celos,9
acdeistt,2
adenstuy,2
agiilnrt,1
cgikknno,3
celov,1
lmosty,1
adefmnorrst,1
deeennrsst,1
eenqsu,1
adginnst,8
ahrrtu,1
abemnsu,1
ceeilmrss,1
lorsstuu,1
oorst,1
deeems,38
eflopruw,6
bcklos,1
adeinpt,1
aelmrsv,2
bgilmntu,1
acimno,1
eilms,13
celnu,4
hlloow,7
acryz,3
ccelloort,1
deefrsu,2
agiilnsw,1
aaccinosstu,1
acehrry,1
boost,6
bdotu,18
adeerrssu,1
eeginnprtv,1
beeelnnotv,4
efgiinprst,1
deeeln,3
dfilu,1
bdnooy,8
ccdeorru,6
hmnot,3
defix,7
aelrwy,1
aeehorsuw,1
aeppr,10
ciortvy,1
adeinst,9
rstuy,1
allsw,1
aghilrt,3
abekortu,1
belsstu,1
allsy,3
acegiinnntu,1
agiilntv,1
egnrstu,2
aacceinsv,1
aggikllnooss,3
ddegilnu,1
deefrtt,1
defil,5
eeillostv,1
defin,1
addllnor,6
adeerrstv,1
hotuy,3
eeginnprst,1
giopss,1
ddegilnp,1
aceeilnnoqstu,1
abggy,2
defir,1
dirty,2
aceitv,2
aahnnt,1
aadeh,1
beeghprrstu,1
defflmu,2
rsttu,7
adeinrt,2
aacilrty,1
bcmrsu,1
aabdll,1
abeehiilnstux,1
adeghlu,8
aaellnprrstuuy,1
abiiilmntuu,2
adffor,3
aadegmn,4
eehnpst,111
ceilmoootv,1
eefginrrr,1
bclsu,1
afmosu,1
eorrrs,1
cdehotu,3
efgimnoprr,2
deiklswy,1
deiins,6
bdoor,3
cdefino,2
aillprs,1
ccehikkossty,1
eeefhorrw,3
eeefhorrt,3
ghilst,7
deiinv,2
giimnruv,1
cdenos,9
allms,28
aalnv,1
deeflrttu,2
bbehlos,1
elnpty,3
acgiiinnottx,1
agiklnt,6
agiklnw,4
loprty,2
dgknoorruw,1
adginnor,1
eijnor,2
eggiinnr,2
bemnru,6
emmory,9
denru,40
defgory,5
beiilnnssy,1
ahhrs,1
cghilorssst,1
aceilmrru,1
bddeeint,1
cdenno,1
ddeiorrs,1
eefrrs,1
adeervyy,1
aafhlwy,3
aacdeinnqtuu,2
allow,5
deeepr,8
cefkls,1
aghilnt,1
oortt,1
deeepp,2
aghilnw,6
ceehilln,1
aghilnu,1
acehmnrt,3
aacfmnortuy,1
abost,2
dekorw,7
delruy,2
deijnru,3
aabdor,3
enoors,3
aceimnops,1
enpruy,1
deimoprv,2
aenprt,1
deimoprt,1
diiinoopsst,3
acilprrstu,1
abhilnrty,1
aaceeipprt,1
adeeeprt,4
abotu,134
deimoprs,4
gnorst,16
bddeeeimorr,1
aabceln,2
eehls,1
enooss,1
ccenort,1
deefinrr,1
acgimnsty,1
beehillms,1
cdeefht,1
aabcelp,2
fghit,4
orsst,2
aegillnrtv,7
denor,1
ginnrtu,12
acinrstu,1
ghhily,3
denot,1
fgillors,1
bcdeeiilnrsttu,1
cehils,1
ahmnory,2
aeeghlortt,3
denoz,3
deinrtu,1
aaelnvz,1
ceenorsv,1
ceilop,3
ddeoprrtu,1
bceorsu,1
aegnrst,21
cdeeiimn,1
bdemoo,1
orstw,1
aeguv,3
ceehrw,1
orsty,10
eghilrt,1
deosst,4
aeegllnry,5
cddeehnr,2
deersuvy,5
aeginnoprst,2
ehkooy,2
eehlrst,2
bghortu,17
ceilnt,6
adgilnpsu,4
aabginr,1
aefnorttu,4
ehnorstu,2
ahmnopt,3
abblopry,11
cehins,3
ahimnprttu,1
aehnsv,2
adellosww,2
efimnorsstu,1
agiinssst,1
egnor,2
acrry,8
abfflou,1
cceorrt,1
cceemmno,3
ghinnot,53
eghlnt,8
denps,5
adgiijnno,2
dggijnu,1
himprtu,2
aceilmrs,1
aeeilnsst,1
accehnor,1
aghinssv,4
gipsy,1
efgort,4
beggiinnn,3
deknnru,1
emnorsuu,3
ceeegiillnnt,1
defnnoss,2
blntu,1
eefiimnn,1
deehiinrt,1
aalmr,4
aceghinnnt,1
hlssu,1
ceenoprrsstw,1
aeehilmnw,2
aegps,2
ddeenpu,1
ehirrsu,1
altuv,1
aceeeinsstt,1
ceehos,1
abeehilmnssstt,1
aaeioppprrt,1
aacdektt,1
eepsw,2
aghilmty,1
cdinooprtu,1
aaenrrstt,1
ciiorstuy,4
cejoprst,1
deiiklnnss,2
eiimnoprss,3
egiinqruv,2
aeemrssu,3
eillmr,1
abegmor,1
eimorsstuy,7
aaaceenppr,3
acemopsss,1
ceehnw,1
aacdeemnntv,1
cehnpsu,1
ceehnt,2
abdnoyy,4
cceknoy,1
aceeehimnstv,1
eeimprss,2
amoprsxy,1
eeprt,4
aginorst,1
eghilns,5
abcehnrs,1
aginnopt,1
adhiloy,2
demmnosu,1
cceemmor,2
einrtw,2
eginppst,2
aegrv,4
acdeeinrs,4
aegrt,40
aelrsv,1
orsuy,3
eqstu,2
deeegmr,2
adelnsstu,2
giklnoo,26
akmnorw,1
aeehlrt,4
deinorsssw,1
abiinorstv,1
adhlry,14
adeiimnott,2
aelrsy,1
cdeenpru,1
adeemnnort,1
dehostu,8
blnow,1
abgginn,1
ceilms,1
adeefllorst,1
adeeilnpx,3
accdehrst,1
acinnost,1
aegsw,3
aaeilnnoptx,1
aelrtt,3
aegst,2
ckrstu,8
ddeenow,1
aelrtv,4
bgimnoo,1
abeinoorstv,1
ceehps,1
eeeehrrvwy,1
eegginrt,2
eppru,3
aaefginrs,1
aefhrt,41
eelorssuv,6
gnrstu,1
eeeinprrst,1
diivv,1
cehostu,1
ghinntu,4
effoprt,1
adginr,7
celoost,1
aadeinorrrtxy,8
eoprs,1
acdemopr,2
eegrsstu,1
eoprw,8
adeempttt,1
eoprv,3
abdrsu,3
agikmn,18
aaeghnoprty,1
adeeppr,2
cdeegiiln,3
eegnrt,1
belmstu,1
eoprtvy,3
cdeeerst,1
eegnry,4
accinnoortt,1
dhitw,1
aeilotv,1
dgiinty,1
aeglsss,3
acdeeilnrst,1
acllnorw,1
dehlorsu,3
eopst,2
aacchmno,2
acdeelrtt,1
knrtu,1
dgiinst,1
eestw,6
eeffginorr,3
deenop,8
aagimnz,1
agilnrsu,6
deglnpu,4
deenot,1
ceellmopty,6
cdeinostttu,1
eeehrrvw,2
aeeforstt,1
bcgoru,3
aceefilprs,1
addeenrw,1
aabeklmrry,3
eiklnsy,2
aeillrsttu,2
cdeiinrt,1
agmnorrst,2
bhmtu,2
adepprt,1
ddefnou,1
ainps,1
ainpt,2
adepprw,3
abbehirs,2
epsst,11
cekmory,4
dginot,1
bgilnow,5
enorsstuu,1
adeeprt,1
deeilpsy,1
cekmors,1
cdeiinos,1
cddeeehmnopr,2
egilnrstu,1
aehimnnosstt,3
aabciilnnosstttuy,1
kmosy,2
efinry,1
dehiopprsw,1
epstw,3
loops,3
addeentt,3
deooprt,1
epstu,1
aehilvy,4
ahknt,6
adforrsw,2
aacddeint,1
dghilno,9
cehimny,3
acdginn,2
cegijnoprt,1
abegilr,1
cdeeilmmnopt,1
accelrsy,7
adeirsst,1
cefor,3
eeeinstvx,1
dinosww,5
aeelntuv,1
aeefrstu,2
aaclltuy,3
aejny,1
abegilnopprtt,1
ddeenopr,1
aceors,1
aeinnossst,1
acceino,1
adellow,2
ginoopst,1
cdehilnr,2
aacceikoopstttw,1
addeest,1
aeegnnrssst,1
mopprt,3
acdffir,1
aelnnoops,2
dilru,2
eeenrrt,1
abegint,5
abeginr,2
efhilms,83
knrstu,1
aacfiiilrt,2
cceeemmmnnot,1
adgmo,1
dgiinrv,3
jostu,1
aaaccrtt,1
deenrr,2
elosv,1
eloss,1
agloopy,1
agilnrtt,2
abdeeeilrt,1
deenru,1
ddeeeinnnpt,1
deenrt,2
achhiilloopps,1
adeglmos,1
aabmnot,1
eeimrssty,2
ddeeilmw,1
ddeelnpru,1
dhirt,3
abiilnorsttu,1
ginprsuu,1
eginors,4
forty,2
acdeeginrs,1
cdeent,2
ddeenorw,5
elotw,1
eehlssv,1
bcdeinou,1
agiknt,15
adgnr,5
adhinrtww,2
dddeiiv,1
efgirsu,2
aghiinnsv,1
agiknw,1
istxy,1
aehllt,1
eiloprsuvy,1
eeghortt,13
fnort,16
adeilt,2
efiiilmpss,1
adeiln,1
eflorw,1
iinnoops,2
deglno,1
defikn,1
abceeiilnrtx,1
deirtv,1
deglnu,1
deeilntvy,2
ahsst,1
aeoptt,1
eklnt,2
aeqrrtu,8
chotu,8
enoprss,1
beiiilnsv,4
cefnoss,4
bdeoorrw,2
dilos,1
fghinortt,1
aeemnsttt,1
bcejstu,3
alprty,5
beioorsstu,1
aagnnstt,1
afgilno,1
deenrtuv,1
acdef,3
aadggimn,1
deirsv,2
acdep,4
cdeehiknt,1
addehosw,1
acder,2
cdeiorrst,1
dehopp,2
afgilnr,2
elorv,2
elorw,9
ahsty,2
beeorsv,1
dnnootww,1
forst,7
acchrst,1
bdeeeglo,1
belss,4
egorrs,1
cdeiloss,1
cdefinnot,1
ceeeeinprx,3
assty,1
deirrv,1
cdeimmott,4
agprs,3
abiss,1
deirrs,1
eloos,6
mmopsty,1
egglrrstu,1
aeensssttu,1
beeerz,1
fhilty,1
emrry,11
aceeiimnpt,1
ceeehimnoprsv,1
enooprsttu,2
dgiinnw,4
deinrsttu,1
aceeinopsttx,1
abceklst,1
ceefhllruy,1
cdeehpr,1
emrst,2
aaghmr,1
emrsu,1
ceflt,1
eehlmoss,1
aabeeeglr,2
isttw,1
abcdkloow,3
aaeilmnnott,1
acddeeht,1
dehrrtu,1
ceeptx,10
aceiqru,1
deenprt,1
cdehipt,1
deffstu,2
cikrst,1
aceinnsst,2
deoopst,2
chopr,3
dgisstu,1
abeghiioprs,1
eefprrs,2
aabeellprsu,3
eintu,1
efklsu,1
deehillrsv,1
moopstt,1
deeklooorv,1
cgiimmnooprs,1
hnooru,8
aenrstv,6
abceghiln,1
dehop,2
deprsuu,4
dehor,1
aeeiillrtt,1
egnotu,4
clnostu,1
filssuy,1
belno,7
aeeiorrsttv,1
eeiimnosstt,1
aafkk,1
bdilu,1
below,6
bginorruw,1
abins,1
aabcdkrsw,3
aehimmooprsst,1
abinr,1
ggiilnnt,1
dginru,13
definr,17
ceepstx,1
ghinrsttu,2
bceeilpsstu,1
eflouw,1
aelmpss,3
agiilnor,1
eeeinpsvx,3
dehhloosu,1
aerwy,4
adoty,3
beikoos,1
belos,1
eehirt,8
eegilnrtw,1
eenstv,2
ceopprs,1
bdiln,2
abekmrs,1
acddeees,1
ccdeinoot,1
dilmy,1
dehlrswy,1
dehipps,1
aaeeginrtv,1
dehosw,7
aeiilmpr,2
deeggsstu,3
aaflt,1
cdehinp,1
einrs,1
cghinotu,1
dehosu,1
dehosv,2
abiilllnrty,1
floors,1
addeelp,1
eemprt,1
addeely,1
fghotu,1
bbchu,1
aaddehln,1
cefhi,39
ffgru,3
defill,9
aeginnry,1
defils,1
aadhilrstww,1
aclsw,1
elnotvy,1
cdejnoru,1
abfiilllny,1
einsv,1
cepsstu,1
ghiiknnt,7
deglos,2
defilt,6
aellmrs,3
cefht,2
aclsy,1
acdekln,1
aenrssw,1
ddemo,2
aabciln,1
giinrstv,2
cdeiklrt,1
eelmpt,2
aceelnrw,1
aefilrsu,1
deimx,3
ceeelopsst,1
aempttt,5
aadeeeprstx,1
aceimsstty,1
aestt,8
acdeehiv,1
ehlos,1
addert,2
ehlow,26
abeltt,3
ahirstt,1
achkmmo,2
elmnos,1
aestw,1
cenostt,1
eggiilnnst,2
ceeiinoprsttv,1
aestv,2
adeenors,2
afhinos,1
eiooppst,4
aackorwy,1
aaaghpprrs,1
eemorv,2
aadinrt,1
adderw,1
deilv,11
deilw,2
adhoswy,1
deily,2
cdeeiln,1
aagin,38
ehirst,1
deglnoopr,1
ehirsv,1
acdeerstt,2
ceotv,1
cghinouv,1
gmoor,1
aellnoprsy,4
efnortu,3
ceelnrty,2
deiln,2
acegostt,1
deilp,1
aforuv,2
deilr,1
dflos,1
deils,3
aemrtt,18
aaeinopprrt,1
aeghrt,1
ceefilnnsu,1
cdeeijpru,1
ceelmopt,3
aceinnrsu,2
abceflmnoortu,5
abjms,1
cddeorw,4
aceghinrs,2
aeemrsu,3
eemoorrv,1
ehhiortt,3
cenosvy,1
egimm,1
bdettu,1
addeehr,1
eflmorry,2
aeemrst,1
ehilmrsst,2
fiiil,1
aeopprv,2
aceinnrtu,1
ciorsuu,3
cgikmno,1
adeghrstu,1
abceklnss,1
abcghllou,1
eegiilnrv,1
deikpps,2
deeilmnoss,1
beeeenrz,1
innou,3
aiknnost,1
aellnpr,1
deehiilnqrsu,1
aeiimnptt,2
ceinnnott,1
aacdeglnorttu,2
brstu,3
adegmnrsu,2
aepssu,1
bginow,1
eorstv,1
dllorwy,4
deginnr,1
beelnoss,1
aepsss,1
enoprs,8
deginnw,1
nostu,1
gikns,2
deilmopr,1
deginnt,1
eelrssst,2
nosty,2
aaadegnstv,1
aceiprst,2
eiilmss,2
adhossw,1
cdeeipr,2
adeiinstt,1
eorsst,1
deeenrt,7
aehilrty,2
aaeghnopr,1
alott,1
eeegmnrss,1
ehlls,1
adeeimnrtt,1
eekps,3
bnorw,13
cdeelmopt,2
ccceenorru,2
adnsst,4
mmrruu,2
acerttx,1
addgilnsw,1
adeersst,1
ciinnorssttu,1
afgilmn,3
aaelllpr,2
deijno,3
eiprsst,1
ehorsuwy,1
enoptt,2
eeksw,2
aiorsuv,4
agikmns,1
beostw,3
hlorsty,1
aceeffltu,1
cehikprsw,1
abdekory,1
ceemoorv,4
deikl,2
ilnosw,3
ginprs,3
aadrstuy,9
anostw,2
eiopstu,1
aggilnnrst,1
afgilln,6
adeeinprst,1
ahhrst,1
defitt,2
adeghrtu,4
ailmnno,1
aklst,1
ainopss,2
dejmpu,3
cdlos,3
aklsw,2
beeelst,1
ceorv,3
cdlou,137
aairstu,2
begilnt,1
ceory,1
deeghiinstux,1
adnsuy,1
cdeehkst,1
aeeginnorst,1
abeehnoprry,2
giinnopt,1
bginrs,1
cdeeinv,1
delpuzz,2
eikrst,3
cehhirs,1
ddeeeprss,1
amrry,2
iorstuuv,1
ahksy,1
abceilorrvy,1
abrss,1
aeflnnorttuuy,1
eggimnr,1
adegimnr,1
abeforr,1
illqsu,1
bdelnu,1
deinrrtu,1
deiinstuv,1
addemns,1
dennorstuu,1
amrsw,1
aeghmo,1
demnor,2
deggilrw,1
deeirrt,5
aceeinrss,1
cdeeho,1
eekls,1
amrst,2
efnot,17
cmmnnoou,1
cdeenoqru,1
acdgiiiimnnrst,1
cennoopru,1
abeeeilmnprt,1
eekln,3
ilpst,1
adeeggn,6
aefiortuv,2
ceikln,2
adehlt,4
adehls,1
giijnnru,3
aginntw,1
eemorstt,1
adehln,3
eeehlmsstv,6
deeirss,2
cdeekp,1
aehkmt,1
aegiknps,4
acehllmnoy,5
adgnnors,1
ceffiinstu,4
cginnnu,1
aacilpt,1
aeinpr,1
amrtu,2
ceeinns,1
addeln,4
efnrs,1
abelnu,6
afghilns,1
mmopssty,1
eknops,6
ekorst,1
addelr,1
ddeoppr,5
eeinnoprss,1
abdeknprtu,1
ciklquy,11
alory,5
aachilm,1
iprstuu,1
deeeinprtux,1
aepprrw,2
gmnooorrst,1
aehkns,1
eeelmorrsss,1
cginnos,1
imsty,2
eekns,5
abeiillrty,1
aceghilloot,1
bcddeeirs,1
borsw,1
adinorsstw,1
aginnrw,4
aclnnortu,1
ceiklrt,2
elllnsuy,1
acefft,1
delrstu,1
ainrt,8
aaclrs,1
aehkss,1
bddeiloo,1
aceilnor,2
ainry,1
aemrrw,1
deehorv,1
dgilnor,1
cmnoy,3
aeelprsu,5
aeelprst,1
cdefnosu,2
aghlu,2
aceehilortt,1
adilms,6
ahinosst,2
ghinosw,5
ffpuy,1
ghinosv,2
eimprt,2
addenr,1
defilrru,1
aimnoprtt,4
aegmnry,1
aaclsu,1
aemrss,1
abeeistu,1
ainsw,1
aemrst,8
beeeiilnprssx,1
beeemmrr,14
adeeehnrtt,1
ainst,6
aeilllrty,3
addemn,4
beginorsv,3
gilnops,2
eilmps,8
ghinott,1
aeinnottt,10
aintw,1
abgilnz,1
aadehirst,1
acdemors,1
acdrs,1
aaccehrrt,5
adejnruw,1
deefinr,2
aeintv,3
adehss,1
abelrt,2
fimnoru,1
egimnorv,1
cddeemnno,3
abelrr,2
abelry,1
deilppsu,1
aemnoorrst,1
abehlnooru,2
adehsw,2
ddeeginstu,1
adehsv,2
ccdeennot,2
abeinrst,1
aceeillst,3
deimnrs,2
eelmmnopty,1
aiiinnoprst,1
aciilnppr,2
adellnouy,1
adehrr,4
addeor,2
adehrs,3
aginnnt,1
adilns,1
adehrt,3
einstv,1
bdinnu,1
eghlnty,1
acdginprruuvw,1
eprsu,2
elnwy,1
eersv,2
ainoop,1
aeelrv,2
deiknnss,3
ckost,1
aaddllny,2
ccdeehk,1
cegiinpr,1
ddeenoprs,2
cimmnnoou,1
aeehrtw,6
billnou,2
aacehmnttt,3
acilnnooost,1
bggiilno,1
aabeimnot,1
fnnuy,2
ddeelpr,1
fnorst,1
aeintxy,1
bginr,12
aeinnosst,2
fhiloos,1
egillnqu,1
gghiilnt,1
ciilv,2
aeelsv,4
aabcehilrt,1
ckory,1
agilns,2
acckr,3
afltu,1
adeehnst,2
eeflry,1
agilny,3
aalnnrtuu,2
aeilnottux,1
aeirs,11
ddeiijnost,1
ehikrs,1
aciilmnr,3
acepst,1
aeelpr,1
aeelps,7
bdegilo,3
afluw,3
deiorww,1
eemprsu,1
adeehnpp,11
eilnst,11
ceiinst,1
cdeeerrrstu,1
aeghnss,1
aabefkrst,4
efginr,3
aaeeginprstx,1
ddeeorsty,3
aceprs,1
aadersw,2
ceert,1
ccdehoru,1
aehnrss,1
eilnotv,1
aehimpssty,1
egiilnort,1
aeehrsw,1
ceennortu,3
dlloy,1
adegginrr,1
defgilnnoru,1
iinooprsv,1
aeeinnoprtt,1
fgiilnt,2
aeilv,2
aflot,4
aeils,1
aefginr,1
deghiilns,1
ceioprsu,2
deeeinrstt,6
fggiinorv,1
aeiprr,1
agors,1
ckoos,1
aenrsstv,1
aeelnsst,1
aeeflrw,2
ddeippr,1
adeiimnnoppstt,1
bdelosstu,1
aaelnpprty,5
adeglnss,1
aadddeiilpt,2
effginrssu,1
dfgilnos,1
cceejnorstu,1
begghiinnoru,1
dddeeenp,3
aehltwy,1
abceelrst,2
dddeeenr,1
eilnovv,1
acdeeinorst,1
abiillnrt,1
gginorw,2
cdeeeinrt,1
cdeeeinrs,1
aabdekry,1
aamrstu,1
aacfiinosstt,2
aeglrty,3
afginnorrt,1
aflstu,1
eginnop,6
eeelmnt,1
acchnotu,1
ehmort,25
dgilmnou,1
dmooy,2
accht,3
abceelrr,1
abbees,2
accho,1
aghinv,30
aaerw,11
aaeilmnprt,1
eiprst,1
aeeltz,1
aaacceinnqtu,1
aabegimnrrss,1
addefllruy,4
aeilnpx,4
efgiru,5
efgirs,1
eorrsstu,2
eelorrvv,1
ceens,6
aehmnr,1
aaegglnu,3
eghlnst,1
clrsu,1
aglrttuu,2
aeflnorttuy,1
abcehmr,3
abgilntt,1
aeglrru,1
cceeemmnor,1
aairstwy,2
ahmrtw,4
bceeijotv,1
eeghilnstw,2
bdlooy,2
adenstt,1
abghmoru,3
aaffirs,2
aaffir,2
aaeeprst,2
ceeip,3
eeeprrsv,1
ackrt,1
acdeefhhiknr,1
belortu,5
dehpsu,10
dimosw,3
ceeeimnntt,1
eggor,2
aefhilsst,1
abelostu,3
eefillrw,1
abeent,2
cdeiklt,1
acefins,1
ceehk,1
cdeikln,1
agggilnrst,1
acillnnotuy,3
aeiinopprrst,1
cdeehorstttu,1
adelmms,1
bcdeilm,2
enorsw,1
denooprsu,3
ackss,1
belorst,2
ceehr,4
aeegilntv,1
eisssu,1
aciltty,1
ahrry,1
acdeehpr,1
ehilstw,1
isstu,2
eegilmnsy,1
cciinnootv,2
adempst,2
ehllss,2
aderst,7
aacers,2
ceekr,1
deistu,5
belnost,1
acehhrtt,1
deffgiinr,1
aggnor,2
cceeeiimnnrss,1
eiiinqrsu,1
giilmnoorv,1
enortt,2
acenoopss,1
efinrrtuu,3
ddemoo,1
beemmrs,1
aderry,4
aderrw,1
ademprt,2
acllmy,1
aeiimtt,1
deissu,1
ahrtw,1
aaeinrrtv,4
cceeisssuv,1
abbgilmnooyz,1
aadeehqrrstu,1
aeenorrs,2
aeehitvww,1
cgiklnpu,1
eefillss,1
cdeinnostt,1
diknr,4
dikns,1
acdeehrs,2
eeggor,1
bgiiklnn,2
aeegilnrv,1
ceeprst,7
ccdeinnov,4
giiknpps,1
efhilnoosss,1
cghinnpu,1
bdeginn,4
aabcdeirr,1
aacehnsss,1
aceglns,2
adfiilqsuy,1
cennost,3
aerrst,1
abdefilmor,4
acdelos,1
bceeiilm,1
amnotu,3
bdeeorvyy,1
bckllou,1
ddeeen,2
ddeeem,1
abeerv,1
ahilopst,1
deegmm,1
chiqstuy,1
adeilpt,2
adeilps,1
eimst,8
adeehhistww,2
ccdnotu,5
iinoopst,7
acllor,6
acdelps,4
adnry,1
beknor,8
acdelpp,1
adnrw,4
agginprs,2
deglo,6
binory,11
ddeefn,2
eelnps,1
aceirrs,3
acfloops,1
abdlory,1
eegrstu,2
ceffiilnstuy,1
deegls,4
chnpu,1
adnst,7
cdorsw,2
deeglu,1
agiilmnp,1
eisstu,1
eehlmoosw,1
aegrrv,1
abklrsuw,2
aceelnrss,1
bcehn,5
aabbcirr,1
bghirt,10
giinrrst,2
adeeiilmmty,7
aagilmnnt,1
aabhiinntt,1
emmrsu,6
cdeikns,1
ahimnnu,1
hmotu,11
degghrsu,2
bdginoor,1
ceefn,11
cennott,3
aahlnpst,3
cddeopru,4
eehistv,1
bdgllou,1
aejmsty,9
ccklos,1
acdelns,1
cdeeffgu,1
bcdeekno,1
addeeeft,1
aaacnrv,1
aadeimnt,3
adgilnzz,1
bekor,10
acdeegorrrs,1
dghiiinsstu,2
aekmrr,1
deiorssu,4
ccekorrsw,1
aeenpprsw,3
cdeloo,1
adeilmp,1
eeklnost,1
cdelos,13
eeilosstw,1
cceflsssuu,2
eghit,7
aekmrt,1
censt,2
acgijlno,1
ddeein,12
abdefiorr,1
acdemmr,2
aclls,5
adimsy,1
aerrt,1
iopsu,1
giimnoprv,2
abdeorrs,1
efgiorsw,1
hmptu,2
dehilrruy,2
ceeffo,3
acginrt,1
cdefiiit,1
cdegiinorsv,1
aadefrrstw,4
amorru,1
biiilopssty,1
aerst,5
eeiqrrsu,2
adeills,1
amorrw,1
abefiltuu,3
aersy,28
eelmry,7
aersw,1
deeiinnrttw,1
aeginnortv,1
eimnnooptt,1
aiorrtt,1
cehoos,2
ceefft,2
deikln,2
acginst,1
ailnqrtu,2
giillnr,1
ceefir,2
bells,2
giinrtw,1
aacillprrtuy,4
acginsu,3
ddeegw,1
adeilsty,1
deikll,2
aertt,1
adhilnostu,1
aegity,1
cgiknoo,1
einnr,3
aprst,5
aefnnoort,5
aertx,1
eefgiln,7
amnors,1
aertw,22
almrwy,1
giillnw,4
deegssu,1
allotw,2
cginry,1
aaceeffinott,2
aceeinpt,1
ciinnstt,2
ddeiv,1
aprty,2
eiinnnostt,1
aabcgilnn,3
beilrty,2
aclor,2
adeilnr,2
ipssw,1
aggilnz,1
aceillpruy,2
einos,7
efistty,1
eirssst,1
acdeeilt,5
acinnooort,2
ehissw,3
bhiosy,2
enrrtu,2
aaeeilmort,1
abeefflrsu,1
bcegimno,2
cdegiinnors,2
acceelpsst,3
ddeir,1
aaegglnsu,1
abehnorrt,1
aceenpttx,1
adoorwy,4
aehpprs,18
afgilnpp,1
abeilstu,1
ceenss,1
aennoy,6
eeklmmopsu,1
dginoppr,1
aacelp,1
cegghiimnnorstttu,1
cenoorstuuu,1
cdeennott,1
ddeemn,1
elmouv,2
aenorss,3
cddhhiloo,1
aceioprt,1
cdeilnppu,1
bdgiinrstu,2
cdiiinnostt,3
aghinsw,2
ceenrs,1
ceenrt,7
aacdelnps,1
adegnrs,2
ceenoptw,2
aacemr,1
aagllnt,1
elmoty,1
aeemmssst,1
eghiinprsw,1
eehllsy,1
adhnostu,4
aanruwy,1
eeoopprrsstu,2
ddeenp,2
hiottuw,49
ddeenw,1
giinnnps,1
deloprst,1
dehir,3
flnoorr,1
aghinrs,1
abdeegiilnrt,1
agiimnnrtu,1
abilrry,2
eopprrty,1
aceeegnprt,1
abdnoortuu,2
aaelpps,2
cdeenoruv,1
deflloow,17
ceefilnorst,1
aeelnrt,1
cdeellmop,2
cchku,1
aeelnrr,1
eeehillns,1
beorrt,1
bdeelmrt,1
abeeln,1
aceeghnx,3
acefrsu,1
abiloorsu,2
ghiiknnntu,1
aadgglr,1
begggin,1
aadhrz,1
ddmuy,1
eeiorvvw,2
deeimprtt,1
afgilnot,2
abbhilsy,1
lruuxy,1
dnorrssuu,1
cdellu,1
efmsu,1
cdeennost,2
aabdeimnot,1
bcilpu,5
ddeeg,1
abdeirtttu,1
ilost,1
cdeeeprst,1
aadennttt,1
dillwy,1
ddeen,2
acfgiiiinnnst,1
adorstw,47
dellor,6
emssty,2
aelmrsty,1
aeeimnnorstu,1
aeginu,1
aegint,4
ghinst,15
acehnsst,1
ccddelnou,2
cfiiilnnot,1
cdeenorsv,2
aeginr,1
elppru,2
giknnow,9
gijkno,1
aeinpstt,1
ghimmnu,1
eejmnnoty,1
bdemoosy,4
aagilmnyz,1
denrtu,46
aefhltu,1
eggilnorw,1
aeenopprt,1
abrssy,1
cdeeeprstu,2
deiostu,5
adeeflrtt,1
acilmnop,2
aehlrt,3
beglnos,1
deefnost,1
acffiilo,3
bdeelow,1
biilmstuy,1
ddeerr,2
bdeelov,2
abgggin,1
deilmnss,1
eghnou,30
eiorrsw,1
aceeeenprrsv,1
denrsu,1
aqrstu,1
abbginors,1
cginopy,3
ccilnnoossu,1
adelrstt,1
aacrsttt,1
acegil,1
ceffiors,1
aaiinopprt,3
ghost,13
ilops,1
hinpsu,1
ghinpsu,1
aceginnor,1
aceinnoorstv,5
demoor,1
aceghn,9
acdden,2
aceghr,3
iklls,1
aegims,1
ceeflrt,2
ainqttuy,1
dnopsu,2
alnps,2
bdddeeim,1
lmppu,4
degglrstu,3
ghotu,6
dhmmruu,1
ceilnst,1
aegiimn,7
adehllnouw,1
adinstt,5
adeehllpsw,1
aeglrvy,3
aeeimnx,1
aiinnorstt,1
agghisw,1
ehloosstt,2
adorsuu,1
adeipr,1
aaccdeimnop,5
aciittvy,1
adeeilprv,1
mpstu,1
aegilnopprv,1
eeggisstuv,1
aiillmw,2
ghinop,2
ceeeirv,1
ainsstu,3
aaeglsvy,1
abcehlor,1
cosst,1
aimpr,1
eeinrtty,1
giilmnnooops,1
cddeemmno,1
aeeimss,1
lmpsu,1
ceiprtu,8
beegiilnv,1
bceijnoost,2
aaehlmnw,2
aeinooprst,1
adeisv,1
aegosvy,2
bcgiilmn,2
ahjno,2
efmoprrs,1
deimmrt,1
cdelru,4
eervy,63
aabcddorr,2
ghoru,2
aaaginr,1
ccfilnot,1
beeilrrt,3
nrstu,1
aeiprss,1
chorsu,1
ccceeeiiinrstt,1
aceklmoos,1
ceeinrstu,1
adeirv,2
abbnrsuu,2
hirtty,5
adeirs,12
ginprss,1
aefgitu,1
cdeginorr,1
deglnou,2
aehlsw,1
aaggimnn,1
acceennnotu,4
addenopr,1
deinprt,2
eeeinnprst,3
giknoy,1
agghinn,4
aiinosttu,2
giknop,1
aeiprtv,4
acehiinssttu,1
dfoorx,2
dellpu,14
egillnsw,1
dginstu,1
aemsss,2
acnorrsu,1
agimnssu,1
inoopt,1
beemmr,2
addeegilnnst,1
aehltw,3
aimss,1
acdeinotu,1
acegln,4
aeeeflrsstu,1
eefhlrs,7
adeitw,3
aadelnrstt,1
acllops,1
cdeerstuy,1
aiprs,3
egilnstt,1
egillmns,2
ceersst,1
chips,1
aaamnp,1
enost,8
aefinns,1
adepprst,1
adeehstux,1
chipt,3
abghilnosvw,2
ehlmos,45
eeiimnnprtt,1
bnottu,3
begins,1
diilqu,1
accdhhrruy,1
aeeegnrss,3
nnoort,2
aeehistv,1
bbennorssstu,1
adeoss,1
abchikls,1
gijnnoorsu,1
bdeios,2
cddeeepr,1
cdeeegilnxy,2
aacddenv,1
aeegrstt,8
aalmnu,2
cilry,1
ceiimnooptt,1
hjnnoy,2
flmnoruu,2
aceennrt,5
deilmoosu,1
aeelnrtx,1
arrsty,1
ceefhikr,1
adeorr,1
cdeiilnn,1
aadorwy,1
acfrs,1
aadgllruy,3
aeeillrtvy,1
acimnprstu,2
eortw,10
aehrst,2
aacdehtt,2
eortu,3
acdgiinrstt,2
abeknoprrw,2
cgiiknst,3
dgiinopss,1
acfst,4
deemnortt,2
aabcikrsst,1
acceilmopst,1
cdiinnoost,1
dgiinoprv,1
ehhirt,1
aehrtt,1
enorw,1
abcmot,1
aaeistt,1
aaegmnr,1
eeimrttxy,1
ceefprt,2
afgls,1
aabeeklmrr,7
aacfiorsstty,2
addennrstu,16
aceffinot,4
dlouw,191
ddeeinw,1
bdeilo,1
aefinrr,1
abcin,1
cehst,12
adeggr,1
eiinnnott,3
chill,1
adiov,2
cdginorw,1
aelry,7
eginortw,1
aegovy,8
aacdehoppr,1
aelrt,7
agghilnu,7
ceeeginrt,2
aeflsy,3
eeimmosst,8
adeiklsw,1
aehippst,1
cdinooprstu,1
adeggj,1
abehlortt,1
deeffor,5
eehintttw,1
deegirv,1
abcjo,2
eeimmnoprstv,1
fhinrsu,2
cdffiiltu,9
acehlrs,1
cddeeett,1
chikn,4
cdeor,1
dghiimnt,2
abeinoorsstv,1
acehmostu,1
aglruv,2
enopr,1
bdeeeilv,3
enops,1
cdeeeptx,8
defhiins,1
bdeelss,4
aelsv,1
ailnps,1
adipr,3
ailnpt,1
chikt,7
abdeelmtt,1
eorsw,4
aelst,15
aintvy,1
eeinqu,1
bceoort,1
addeeprt,1
cekort,1
acdeirr,8
cdeiilru,1
aghirstt,10
ddeeily,1
cderu,1
adeenpprw,1
chinp,1
dgiilns,4
abckl,21
elnrsty,3
ailnnstty,4
acfny,8
acmnopy,7
ddeeeilrv,2
aabilmot,2
agilnppy,2
lsuuz,1
aalnnoopst,1
jlloy,3
acfiiln,1
adegin,1
eeinrt,4
dlorw,16
abcln,1
deeffrsu,3
aacdeeimt,1
ejkrs,1
eeimnnrtt,1
eghorru,1
ahmnu,13
deirrst,1
aeluv,3
aaghlmn,1
bgiimmnr,1
aafiillmry,1
elmopsy,1
accistu,1
adeeinnrssu,1
aafgorr,1
aeegnru,1
aademz,1
eghillnw,2
aelnt,3
cehos,3
eikllntw,1
aelnr,9
aelns,1
adeehpstw,1
deehlp,2
aceehrrty,1
acegiln,1
aelnp,3
ceeorrv,1
aelno,9
adeemrst,1
adeemrsu,1
aabdelorrz,1
ddeeirs,2
cggiilnn,1
ddensu,4
ddeeirv,1
dinsw,3
aeeiilmprtvy,1
deeehlrst,2
cdehkos,4
bdeghhinoooru,1
bdennottuu,1
ginorstw,1
arrty,1
acehlnn,1
eikllnuy,1
aefilnooprss,1
emmnost,2
adefillpy,2
addeehnr,1
amoott,1
adily,2
acceimmnotu,2
adeeghrt,3
ddeeisv,1
fghiilnorsu,2
aademss,1
eopprr,3
eghinrru,1
aeeflmrsuu,1
adenpps,2
cdefinno,2
eeiinqrsu,2
aegimmnrst,1
aceeilmnopttv,1
agrvy,1
abeghinrt,4
adimt,2
aelpt,1
aelpp,1
aelqrru,1
aabcceilmmrtuu,1
deeilnrtu,1
aabceilnp,2
aabdnno,1
fghilt,3
eeghinrtvy,9
cinossst,2
abcelmrs,1
bhiiinooprt,1
cdeilnrsy,1
aadepr,1
dhijtu,1
aelqu,1
hmoost,6
cehpr,2
cddefnnoou,2
cdegiknot,1
degnow,1
ddeeirtv,2
befir,4
eelopp,15
cceillnoot,3
aaccillss,1
acdeilm,3
aefgistu,1
hopsy,1
fgilny,3
aachimnr,2
hopss,2
almost,23
acorss,21
cmmnoo,11
acdeiilnt,1
adelrtt,3
adeefimnst,1
aehirst,1
eforst,2
irstw,2
ahiilrty,1
eeklny,3
eefginrz,1
abelorrsu,1
aeehnooprr,18
cceeillnoort,1
almort,2
cdeloor,1
cemostu,1
aeeginottv,1
aeflln,3
ccghinors,1
ccghinoru,1
bdirstu,1
abceeelmnrs,1
ahhlrsy,2
adeisttu,1
abeggrs,1
cdeeinprsy,1
aehrrt,26
epprsu,2
ghortw,1
hikswy,1
abloru,1
deefnnostu,1
acddeiint,2
efnorz,4
bdeiru,2
ceelrsuy,1
cdeeiltxy,1
degnnosu,1
cdeghou,1
aacfgiiinortt,1
aacekns,2
ceeeirsv,1
cdelnooruy,1
afhlmru,1
aelnquu,1
gnsuw,3
agiinrrv,1
aelly,1
ceeeirsx,2
ghiss,1
ceeimnps,1
acfginny,1
eeeglnnsst,1
ghist,15
glmoo,2
aeepprr,2
abceens,2
hortwy,1
acgilln,4
ceelrsty,1
cfkor,1
aacgisty,1
agrsu,4
egiknnnost,1
aelmt,2
agrss,3
adefnopr,1
efgoy,1
ehmoosw,1
cdeir,20
ccimnnooptu,2
ddeeentx,2
ghitt,1
deemrttu,2
enosst,2
aiilmnrttuu,1
ghitw,1
acefhmnnr,1
ablott,3
adeelost,1
beiiilnssty,1
cimmot,1
aensuy,1
adeiimnrs,1
ainrssu,2
adehntu,1
ablor,1
acehprsu,1
deeginntx,1
aeehirv,1
abclmnosuu,1
efhls,3
aeeglrtu,2
ghosst,1
aefgmnrt,3
ceoprss,3
ddeiltu,1
adeknrss,8
ceoprru,1
aacddeinst,1
belrstu,1
aaciinoosst,1
aiinnnoostt,1
cdeklo,5
ehntt,1
acost,2
mnoorsstu,3
aegiiinnosttv,1
deilos,1
cgilnos,3
cdhhiils,1
aeerrstu,2
ddeflo,4
adddeemn,1
aginppt,1
ddeeenrr,2
aadeiprs,1
aabdegn,2
bcikr,1
ijlsuu,1
addeeenorv,1
ciosst,1
dgnoru,7
aeghilmnns,1
cdekor,2
aaennprrstt,2
aadegm,1
eiqtu,49
deoppssu,1
adeeerrtt,1
celmssu,1
beeentw,26
enrsuu,1
eegiinnrstt,2
beors,3
bcilm,1
ddiruy,1
aaiimnnot,1
acilmsty,1
bdloo,9
aeehmnnop,1
cehnos,1
aelmnt,2
acgiknt,1
imnost,1
eeersv,1
deilms,2
aegnors,1
abdeeilprstu,1
elnssu,4
ehnry,1
demnotu,4
adeeginnoruv,3
adhnosstu,5
ghostu,5
abinot,2
inpst,1
abghiopry,1
cdiinnoot,2
bcikrs,1
ceoprtt,1
adefry,1
abceesu,30
eelnvy,1
deeefhrrs,1
deiltt,1
ekmnoy,2
abbggiln,1
deiltw,1
deeeinprrtt,1
oprsu,2
acmorstuy,1
giilmns,3
cgimno,18
giinstt,7
efgrsu,1
aegmnrstu,1
demppu,1
abeklnst,1
beeirrs,1
dghlnoorst,1
ginrty,9
ehnoy,3
bennot,1
aceemnnnnotu,1
dstuy,11
aegmmoprr,1
dfnou,34
eopprssu,1
ccegillnot,1
amntuu,2
ccdeesu,1
adeftw,1
egiiklnw,1
aeeilnnttu,2
deeelns,2
ablls,1
ginrst,2
ceeorrsu,2
achilpsy,2
ghiinppw,1
aorrz,3
aceinnst,3
adehnru,1
effort,7
aacinpt,3
adefhls,1
cdeiorsvy,3
ceegiinrv,1
ablmy,1
adrsy,2
admnoy,3
bdgiiinrsttu,1
acehimpstty,1
dekop,1
abinrs,1
eeinrsstt,2
aeelmpx,1
acknpu,1
dehinr,1
addeegrr,3
cdeekrw,1
aelmry,8
aghiinnosst,1
aaelnpst,7
aceinnrs,1
ghiins,1
giknorw,4
gghinosu,1
dehint,1
efffiitvy,1
adfhlost,1
abginossvx,2
deilnpru,1
beginrw,1
ilopst,2
ginnprsu,1
acciimmnnootu,2
accdginor,3
aaeppr,5
eiklly,2
aeehrr,1
behorrt,6
aeenorsst,1
hoosst,1
ceffios,4
ceffior,2
acnorstt,2
cddeeeiv,1
aeehrs,2
affhiltu,1
iinqruy,1
aeeglmnnt,10
ceiorsw,1
adefil,1
aabgiilnor,1
cceilr,2
cdeimmooprs,1
eimnoot,4
ceeinssty,2
acddehnnos,1
acelpr,2
acelps,2
cehlost,4
bginnru,2
aeehikz,2
cdektu,1
adeeeknw,2
belorstu,1
ceegiinprv,3
degilmn,1
abdeelmm,1
diosstuu,1
cdeeikopst,1
aehilw,4
eilopt,1
eimrsy,5
hilpprsu,2
acegiknr,1
accdeloorsttt,1
eeillnosssy,1
eginrsv,1
eimrst,3
delmos,6
acelss,2
dehisw,5
acelst,1
cdeehrstt,6
einoqstu,4
gijklmu,1
ceeiprs,1
aacehilmpsty,2
abdeeilrs,1
deeiillmpr,1
gnprsu,1
aiklmmnow,1
ceeiprt,1
ccellot,1
aaderrrw,1
eemss,6
chirsty,1
eehsst,5
hiopstu,1
aaccillprty,2
ddeimnostu,1
ehknnrsu,1
bbcdeilrs,1
fistw,1
egillns,3
egillnt,5
iimnoss,1
adirvz,1
clmmnnoouy,1
aekrst,2
deghilt,8
ccklo,4
ehjops,2
beefint,1
abbirt,1
cdeelmow,1
addeeenoruv,1
adhosw,3
cdeopru,1
aaeilnortx,1
cekopt,7
ahnoopr,2
agimnrry,1
ehilrs,1
chitw,1
abeellnruv,1
aderstt,14
ddeflnou,1
ccceenorrsu,1
aeilry,1
bceinorsttu,1
cgilnru,1
egssu,3
dilryzz,1
degiimnnr,1
abeeilnoqstu,1
aceennsstu,1
deiinprt,1
deiinprs,1
adeemnprtt,1
aiiimnnott,1
adegilnos,1
efgilnoorsvw,1
adefmr,1
aellmort,1
aderssu,1
ginopru,4
addenrst,1
aceltt,1
accgiiilnnot,1
cehnqu,1
aceilpru,6
aadefgrsu,1
beimmrrs,1
aeilsy,11
aciilmosu,1
aeilsv,1
acdeeeinnorssst,1
deefgin,1
ehilsw,1
aabddehor,1
aeeilrr,3
giltuy,1
aeeilrs,1
defttu,1
adeehirrty,2
aemoprrty,2
dehlorw,1
fisst,2
aacinorttt,1
deeipss,2
egilmpss,1
deeipst,5
cefhnr,5
eeenssstw,3
deiorst,2
ccdeeno,1
ghhortu,62
aaefiimnnostt,1
deinopt,2
aciipttvy,1
aceffst,1
cdeeeeinprx,1
ceinooprsss,1
einoprrss,1
eiklns,2
adfiry,1
ailqtuy,1
aginpsu,2
eiklnu,1
aginpss,5
enovw,3
eemny,2
imorrr,8
befilry,1
imorrs,1
imnoot,2
aehins,35
egstu,3
eegilnps,6
ddeenorsu,1
booopstt,2
begilnsss,2
doprs,1
adeefnst,1
aginpry,1
aflorv,1
aclmmnooty,1
aginprs,1
dopru,4
aceno,5
beiilmopss,6
aaciosttw,1
chhnu,1
aghinnty,18
bhlmuy,1
imorrrs,1
cikqu,7
ggiinnprs,1
aaiilnst,1
biklrsy,1
aalrsuz,3
aeinrtt,1
beelr,1
ffooortty,1
aagiiimnnot,2
aiilmrs,3
cikpr,1
aceensstx,1
ademntu,1
gghilssu,1
aefflru,1
adhry,1
abgiimnnoo,1
giknorst,1
cdekkno,1
aenssstv,1
iinosv,1
cikps,1
aegimnst,1
effginoprr,1
abetuy,3
eglnorsu,1
ddeennoru,1
llowy,1
bchoor,1
giinqrstu,1
deglnorssu,1
bkoos,5
cikst,9
flloow,6
eenrtuv,1
aceps,6
bdehlo,3
ccdeehln,1
acenos,1
iiprsst,6
acefllnoorsttw,1
aegimnrt,1
acimnnoops,1
eiiopstv,2
adhsy,1
aesstt,1
aaceiipprtt,1
eejrst,1
ablprtuy,2
ceorsu,11
eejrsy,1
aegpru,1
cklnou,1
ceorss,3
bbnorstu,1
deeintv,1
cikrt,2
accdekr,3
accehns,1
ennpy,3
aeilnrtv,3
cceiopsu,1
aersttt,1
aacegiinnrst,2
bggiinnr,4
adeinsstu,1
afissty,1
aadelnz,3
accdehn,1
dehrsu,9
deegilnr,2
dehrsw,1
aekps,15
einnst,1
ddeenrssu,2
adeehlrt,2
ccdeko,1
aaceirsst,1
cdeersw,2
adgnor,1
defimnor,2
adehil,1
cdeersu,3
bdehin,26
aadelmr,1
deelmnopuy,1
aaeinopsst,2
cikls,1
ahiimnrs,1
bdiosuu,1
ailors,1
aekqu,1
bddgoosy,1
acekr,1
adhns,27
einntt,1
addiiilnuv,2
deeginprss,1
chhiw,236
gghiilnnst,1
adhny,3
abdeeeillrty,1
eegoqrstu,1
cdemoops,1
eehlpr,1
deemrsu,3
abeeilmrs,1
aceln,5
cdgiinnortu,1
bcillpuy,1
bdeeeemmrr,5
acelp,17
celopsu,1
cnortuy,8
deffilllu,1
deelopv,1
aeelpprtu,1
acelr,12
giilnptyy,1
bcenou,1
aehlrty,2
adhor,1
eilorssuy,5
abbir,1
abddenr,1
eeginy,1
aaegtwy,1
acdeiinnoorst,2
ahiilopstty,1
addehs,3
eginptt,1
aceersss,1
aegiilnnpx,1
addehn,3
ahnstu,1
eegins,8
eeemrtx,6
acenrv,1
deisttw,2
ahlls,42
cdiinstt,1
eflruu,1
aekst,8
aglnoru,1
aadegitt,2
aeenopru,2
adeeginr,1
ahnorrstw,1
cdddeeens,2
bcdeeirs,2
aeinrst,1
aelnortt,1
eeghilmnorvw,1
aadelry,22
eegmnst,1
aeegnprsss,3
elpst,4
ceijstu,1
bdeeinot,2
eirrsv,1
eehlsw,2
bioosuv,4
deforst,1
abbcy,1
efgnoortt,7
adeelprs,1
egisv,1
acefs,4
lstuy,1
aeervw,1
mosttu,2
deefghinrt,1
abdehrt,1
cdeeitx,3
adeenrstuv,3
eeelmopsy,1
ehhirtw,1
acdeinst,3
aceerr,1
aekms,10
acegr,2
afilnty,3
acffirt,1
eirrtw,1
ehhirtt,1
effor,4
eegnorsu,3
cdisssu,1
acehl,1
aadginru,1
cdeeisv,1
acehr,6
adeeelprty,1
aceht,1
aekns,1
acehs,2
aeknt,9
deflow,1
acehp,4
giillnps,1
defnorw,3
cdeehrtw,4
acdeghlnost,1
aeeinrrtvy,1
adhorstuw,1
cceeins,2
dimst,3
cdeeirt,1
eiloprsu,1
dgiinv,1
ekmos,2
abdeinsu,1
elpry,2
aegstuv,1
cerssw,1
ceeetux,1
afnrz,1
aceefhnrrtu,1
beegt,1
cdeinnotu,7
eghilsstt,3
adeegirt,2
ehpryz,1
bdilnu,2
bfilmru,1
dginnorrsuu,1
deimno,1
deeirs,8
bdilns,1
fghhlottuu,1
deopppr,3
deeirv,2
deimnr,2
agiinnprs,1
ddegil,2
eelpsy,1
cenorr,10
aggiilnoops,1
gnruw,2
aaginst,37
aainqsu,1
deegklnow,5
ddeeillps,1
eelorssuvy,1
ghinoost,2
cdeiinoprst,1
aaadeimnnt,1
giknnott,1
agginnor,1
ddegiu,2
ddegir,1
eelpss,1
affhilltuy,1
aegiknqsu,1
ehinnorsstuw,1
ghiltty,1
aadginrsu,1
hoopt,1
afgiiln,1
adeppt,1
aeehrtvw,10
cdlosu,4
adeppr,1
clmsuy,1
deimmu,1
eioprsuv,7
ghlosty,3
eginy,1
eginw,1
deflty,1
aaccnnottu,1
eginv,8
cdeeeinv,3
aeeemprrttu,1
ddegju,1
deipr,5
imnoost,1
deipt,1
imnoosu,3
eejjnu,1
deipw,3
deiiinprst,1
aabccelnnotuu,4
eeinoprssx,5
aceelrr,1
horstw,1
dksuy,1
ggilnory,1
adepsu,4
eehhrtw,21
aagnp,1
aacdgijllmtuy,1
beghnu,1
afhmost,2
deiss,3
adepss,21
dgiiooprsu,1
deisv,1
cdeinortu,2
cdeinortv,1
iillmnos,1
giiknrst,4
adepry,1
abellorty,1
beeqstu,1
adeprt,2
aefhrrt,2
aceep,4
cmostu,1
cdeeeittv,1
eehlopss,2
gnrtu,1
cellosy,1
deiprrssu,3
deoppst,12
cdeiinorst,2
dellorst,1
adeprs,5
adeekmrr,10
eehilosttu,1
deirt,17
cceeinov,2
deirv,8
deirw,1
aacktt,1
ceeenprs,3
deeivw,1
ffist,5
aginprsssu,1
cdhimnor,1
bcdegiinrs,1
cdeiprtu,4
abekrs,1
adnnstu,1
ehillmw,1
bddelnotuuy,1
iloqru,1
cffino,2
aeglnprs,1
eggsstu,2
cdeeeffinr,3
bdeeirstw,1
aeelnrsty,1
cgiklno,1
acgilnp,2
ffity,6
aelnry,12
eeinnps,1
adlmopsy,1
aeilmoprrty,1
aabdeginr,1
ceegintux,1
efgir,6
ceilnpry,1
cdeeeirv,4
adegrr,2
iorvy,1
aceefilpr,1
einnrsw,1
ghirt,32
aabdder,1
benor,3
benos,1
ggggilno,1
aeenrst,2
accdgilnory,2
eeinnst,1
aadfir,8
acefgiimnnt,2
bcdeeeino,1
cehimrsty,1
cgnoo,2
cehin,2
aadiimnort,2
ceinoppru,1
cddgilno,1
aabeilmmrsuy,1
ehmor,1
ehmos,2
oorrssw,3
eeqrstu,1
chloos,2
deeelnopv,2
ceinntv,5
enorsuv,3
gilrs,1
aeiiprrs,1
aaelnprrstuu,2
deeoprrt,2
abiimnot,1
agimnno,2
hlost,1
aeflnru,2
deeenosttw,1
ceeffno,2
dginnopu,2
acnst,1
dginorsw,1
eipss,1
eipst,2
aabbeilmno,2
aempsttt,3
deeisz,8
aaaeghillnn,1
ddeglo,1
eiiinttuv,1
aeeikpprsss,1
aehimpst,1
agginrt,3
acerstt,1
cdeeu,2
bcejost,1
acegilnno,1
acceehirrttu,1
acddehinsw,1
aeginrstu,2
aefnnorttuu,2
bbbegilnru,1
cdeinot,5
acghinr,3
aghilnpty,1
akmrs,1
aaccilnooptu,1
bcdeinorttu,1
eelst,2
ghimt,64
gimnov,6
acersst,1
inopt,11
deefloorvw,1
eeopru,1
aceefllpuy,2
giimnnoot,1
eeoprs,2
aacilprrtu,7
eegnnorst,1
cdoort,5
aceinort,2
adeglnn,6
cdioorrr,2
acceilmmor,1
dhinoorssu,1
adeglnt,3
afilnpu,2
aceens,1
abdeinorsstu,1
eipqu,1
aeersv,1
boswy,1
ghint,47
abdeloru,1
ellnuw,1
aellstt,1
inoor,1
ehrssttu,1
eeeqrstu,1
aabeglr,2
ceeffst,3
cfmoort,2
addlnoosw,1
acnno,1
gilny,7
abellostuy,1
gilnt,1
deilpps,3
cffils,1
bdeisstttuu,1
deorrttu,1
ghinrsu,2
ceiprrstu,1
abcers,1
anorrw,5
deimss,3
aadeeknw,1
aelnty,2
ailnrsu,1
ddgiy,1
ceelnopu,1
aabellpp,1
abkln,4
ghilt,29
ggiinnr,1
ggiinns,5
aceeps,1
aelntt,1
aceeillnoptxy,1
adeirssst,1
adeefnrrrst,1
bddefinor,2
aaccillnoosy,3
ellnsu,1
aghiknnt,2
aaceirtttv,1
behorrst,2
belott,1
addelsu,2
abceefnort,1
aceeginrv,1
acdeeglno,1
deeenopr,1
cirstu,1
abehlottw,1
aaelmnss,1
deggtu,3
aceeillpsy,10
cdefmoort,1
eforz,3
adggginr,3
cirstt,2
ddeeeimnrt,5
eghimnost,38
doost,36
cehklors,21
aaprt,4
eimostv,3
llopy,7
efgilnrttu,1
beggist,1
aeegilnrstv,2
fglnu,6
fhort,6
ceeehinrss,1
hoorrr,1
acemrs,1
ccdehiln,1
giknnostw,1
aeegiinnnrtt,1
dgilmnpsu,2
doors,4
hillrs,2
aegmnrst,1
eorrstu,2
dooru,5
ahlmnot,1
abceem,28
bdeginnnu,1
cceinoorrst,1
acdgiiinnt,1
aefgmnrst,1
eilprs,1
aceghinrtt,2
aeginnors,3
deggru,1
ginpttu,11
dginoprrtu,1
alpsy,2
morst,1
aeimnt,1
aeimnr,4
eimrssst,3
adeirst,1
aciilmnrs,2
aciostuu,2
floorrsuw,1
aabefloruv,2
aaceimnr,5
adeimnrru,1
ahmost,1
hrsttu,4
ceknor,4
aceghinr,3
hinsy,4
deilnosu,1
aceghint,1
fhoos,1
achimrsst,13
ddeerss,7
adeglz,1
acgimnopr,2
aissst,2
cdelmpru,1
adeirrv,4
acehmnrst,2
hioprsw,1
eelps,18
adginrw,5
adginrt,1
abekmr,3
acimnnoop,2
ccehilnor,1
adeeglnnr,1
aceerrtu,7
deilnotu,1
adeeglnnt,1
first,53
aginr,1
acert,1
acers,2
derss,4
ceeeimnttx,1
aoottt,1
aceorrt,1
achnpu,1
cefhiims,1
acejkst,1
aiprst,1
accehst,1
aeggilnrtu,1
aeehmoprst,3
aabelluv,2
abeknr,1
abcdegir,1
ahrstwy,1
eggintt,13
eegiknp,1
acesu,5
achnor,1
cinosu,1
cdeiiilnps,1
acess,2
cdegilnooruv,1
aeelmnss,3
deilmttuu,1
deerst,4
chnotuu,1
acegilnnnou,1
adefiisst,3
aghhlotu,12
deersv,1
llost,1
aeeilmns,1
agiiilnnopt,1
adeehmmr,1
adegnw,2
deilnovv,1
ghillty,3
ceiprs,1
acdeehoprr,1
aenprrst,1
ginoqtu,1
adegnr,7
acetu,2
acetx,1
cghiot,1
deehlnt,1
delnnopssu,1
adehinsv,6
ceeprsst,1
agnprs,8
adeenry,1
ehimrt,1
elpruy,3
aceeelnrssss,1
aeimrs,1
fiillptuy,1
eelmm,1
lprssuu,1
agimnrw,1
aeehorstvw,1
deiinqru,3
ekorsst,1
accilmo,1
aapps,1
eelsssu,2
adegilns,2
aeghopprrss,1
ceefnopru,1
ginnnru,10
alpps,1
amsst,1
iinnorsstu,1
aeehlstt,1
aabdginnno,1
alppy,5
eellv,3
adgilnnort,1
aeegnprss,1
aehjpt,1
aaenpst,2
deginnps,1
eeflrru,1
adeeelrs,2
cdehittw,1
aefgiilnnrs,1
beest,1
eghhit,1
ejnorsuy,1
acegilnr,3
ccehio,3
eimmmsu,1
eghhir,3
deghnorsu,1
enorrtuv,1
ccfiirux,1
aegmnr,7
achtw,10
aaehilntv,1
ceimmooprs,1
ccilnnoosu,3
deeeenprrst,1
aeginrt,1
bdeow,2
eghinw,3
agimnprt,1
bdegimoorr,1
aadeelllnpru,2
aefilnnr,3
aeginrw,3
abers,1
aagiinott,1
aehimpsst,1
eilppssu,1
acelnnu,2
ghistt,1
ddeissu,1
deeimpt,1
ademns,1
cdeeginors,2
aehprr,1
abeimnnsssu,1
eginopsx,1
iiprst,15
aehprs,3
agginp,2
afint,4
aberv,2
ceeeiprv,3
deiinnsstu,1
agginz,2
beggir,2
agimnpst,2
aacfiilnn,1
aeeinnortv,1
beeillorsu,1
dehmost,2
orrwy,2
deffhlsu,1
aciloopst,1
abesu,1
acdehillmoty,1
adinorry,2
ddeeotv,3
aeflm,2
iinossv,1
deeefrtt,1
aefls,4
arsttu,1
ekooprv,1
dorss,1
ceeinost,1
eoopprs,1
agillnrsuy,1
aeinqtu,1
eopssss,1
dnopu,1
dorsw,16
adeehhinstuww,1
deefiilnty,2
adiiprty,1
aefmr,1
ahlrsy,2
aglss,11
ghillsty,4
bdegir,1
bddelnu,1
aeeggn,2
efginor,1
aeginrvw,2
diklny,3
ceginoprtt,1
aaegimnz,1
aeimnrr,1
aeimnrs,1
elorsst,1
aacgillrty,1
ccdeeehkr,1
adderss,7
deeghilnw,1
knnow,5
aabcdkrw,2
adhrstuy,2
aeeglr,1
defmor,3
cghiiklnopttt,1
aeeglu,8
abemr,1
abems,1
ehpssu,1
achpt,1
accnorstt,1
aabbehilt,1
afflloot,1
acnnostt,3
abemy,6
aefghhoorrtu,1
cdenors,1
bceeehiilmnnoprs,1
abeflrtu,1
ilopsuy,1
glmooy,3
fhortu,2
cceemnnnort,1
ademss,1
defilnry,5
beiiilnoprssty,1
eilpprs,1
eflsuu,2
eelmopry,2
aeeorrsv,1
eemmnotv,1
abeegint,1
ademry,2
ademrw,1
chkos,2
ceeirssv,2
aehmttw,1
deejkr,1
deisstu,1
deeeprssx,2
aceehhirrs,1
agiklnnr,1
ademrs,1
aaddeeipprs,6
eehllpss,1
aglno,18
ghisst,1
ceinooprtt,1
cefflsu,1
billy,1
emnno,1
ceeeinstx,1
cghou,1
eehlllpssy,1
ainrst,3
adehmnos,1
aeeeimnnnrttt,1
abeov,12
einoss,3
ceeistx,1
eghitw,4
accdeklr,1
cdeeglnos,1
cdeorss,4
bills,1
ccddeeesu,3
aeghlrtu,5
cehinrss,1
hloost,1
ehnnorrt,4
afiln,3
aeggginn,1
abdhnsu,2
aeeehmrrrtwy,6
eeloprx,1
adennoy,1
abdnry,1
cdeeginopr,1
hiilrstty,1
afilr,1
emnow,4
iistv,7
ehklsw,1
gggilnrstu,2
emnoy,19
lrtuy,2
aacfinorssttuy,1
eehinrt,3
adeeilnt,1
acelorrs,1
aceklt,1
ccdehku,1
adeehnors,1
aeginsu,1
dknru,3
acdegln,7
aeeghinnrtt,1
bdens,1
bilms,3
aeeglnr,9
bdegu,1
accinoopstu,1
addeinor,1
acdddeeit,1
cceginnnor,7
cdersu,2
bceeehrs,1
dnoorsuw,1
beinsssu,32
blmoosss,1
gopru,1
ceeehirst,1
flosty,2
eeerrsv,2
ceehinnort,1
eoprsv,3
eoprst,1
dddeew,2
aeqrsu,6
achmr,3
ccefllsssuuy,1
abejz,8
cchhru,5
adorru,2
adeginntt,2
eefrv,1
ddeeiprv,1
dehilops,3
egimnnoorry,1
abders,1
eoprsw,3
abcgikn,2
ddegnnorruu,1
abekl,2
ceeginprst,1
achnt,2
degiilnt,1
aahpstwy,1
giimmnrt,1
aeellrrtv,4
aeeelstv,2
eeilopprssvy,1
abekr,15
eirsst,11
cefmnoorssu,1
beeilnss,6
abilru,1
deeinprst,1
eelqsu,1
adnoru,14
eefghilnrrsy,1
eehilnprs,1
bdeir,1
aceelmnoptt,1
aceflru,2
abelt,13
aceeemnprt,1
cdeeefft,1
deelnss,2
acghtu,9
acdeginy,1
achos,1
adortw,6
acdeginu,1
bdeegilu,1
abelz,1
acdeghn,5
ddenorrsuu,4
deeorrst,3
beegiill,1
adeeilrs,2
denrssu,1
bdeegiln,1
defhiinprs,1
adeginnrw,3
eirstw,2
eillnssst,1
eeopsssss,1
bfgilmnu,2
deinpp,2
acegott,1
ademssu,1
beghiiintx,1
adelpps,2
belmopr,2
blmossy,3
efiry,4
addimno,1
deeelpprx,1
ciijnnnotu,1
acessu,1
denorsw,1
eefgilns,3
aeginnr,1
ddeiknr,1
hnosw,4
ggilnnou,3
adehlss,1
deghis,3
aaglwy,1
biinosstttuu,1
achir,8
ceikqru,2
aehippr,1
eeeeginvv,1
achin,11
aabdeefgiilnt,1
acfiilty,1
beilrtty,2
ceoorstuu,1
accdinortt,2
aaelnnpstu,1
eilnoorstu,3
bgiint,2
cdeinosst,2
acegoru,3
addeeilpss,1
abehioruv,1
eoprrt,2
aallnrtuy,1
beghinrsst,3
ggilnnpu,1
hnort,7
aalswy,29
cefginnoss,1
adeehrstt,1
deinnt,2
aadilmort,1
efginrs,7
deinns,1
deinnr,1
abegn,33
eemnoos,7
accnotu,8
accnott,1
ceinnotu,4
deeersv,1
acdemopss,1
aaaginnopt,1
bdeel,1
delmpru,1
ddeikln,1
ddehin,1
adiilnty,1
hortw,10
ajlnoru,2
bdehilpsu,1
eflrstu,1
adeellrtv,3
eeenorvy,2
adknr,1
deeprss,4
aciklmn,1
eeegmnrsss,1
deeertx,1
abcdeeellt,1
aadefghnrrt,2
achkw,1
ccesssu,5
ghinsttu,2
adeehisv,1
cfimnnnooorst,1
aemnnr,5
deintu,2
aehrsvw,1
ghiinrrw,2
aabdeilmr,2
aegilnprs,1
acdgilns,1
ddeilnps,4
hiorsty,6
dfgilno,1
aenprtt,1
efiiinnt,1
ddehoo,1
aiillnnortuvy,4
abdeit,1
addeinr,1
eeiiiinnqssstuv,1
deiilmrsu,1
hostu,7
hiirs,7
cdhil,6
deinsy,1
adehlot,2
ceklr,34
deiintv,1
addeimtt,1
chiklty,2
illst,55
fghiinorry,1
acdeelpr,1
illsy,2
dnossu,3
beiilsv,1
deegs,5
acinst,1
cdeikk,2
ceiiinsv,2
emmmruy,1
beertt,34
ceeimnpss,1
cdeikp,5
adeeeiimnrtt,1
elpssu,1
deinrv,2
aginrst,3
aenprrt,2
ggiinv,8
beprsu,1
emnorst,1
eerttux,2
deegr,1
ceeeflpprrttu,1
deefr,2
adefgiirt,2
deeehlmorvw,1
cgilnooru,1
acdffhnsu,1
adeginr,2
ccehk,1
adeeimnrr,1
accefiirs,1
ahmpstyy,8
acgiklnn,1
eeffint,3
agggins,1
cellruy,1
acdeprs,6
aenprst,13
cdeeeorrv,3
eegnr,10
aginrrw,1
ghnruy,2
giiilnntvy,1
adeeghinrstt,1
giprss,1
aggginr,1
ceilmmnopt,2
eijstu,2
emnortt,2
effllow,1
agstuu,4
deegnorss,1
acdhinsw,1
aceilnnnoss,1
adeenrrtuv,1
ceeflprty,8
prtuy,1
eehmoprstu,1
cefgiiklnr,1
aceglmnry,2
aceeefinoprtt,1
adelnrty,2
ceeeenrrv,1
ceopprst,3
einorsv,1
aadeglmn,1
cehrstt,3
imost,1
effginor,1
bghotu,5
giinqttu,1
ceinnnoostv,1
amnow,18
ghhosttu,5
aaenpprt,1
cefnor,1
einoprtu,1
ceeijor,1
elmorstuu,1
accelmmnoops,1
aceilnnnott,1
eflorsuy,18
aceinptt,1
cgiiknt,1
einortu,2
efirtuv,1
aeeilnpst,1
cgiiknp,1
adeehorrv,1
cdiilorsuu,1
acdeellr,1
afhoopstt,1
amnor,1
efrtuu,4
deeffinrt,8
ellowy,6
egghiiinnstux,1
eeinssstw,1
bceprsttuu,1
cdeekpru,1
eehiorst,2
abcdeeilnors,9
ghiinrtw,1
cdehnpu,1
bdnos,1
bdnou,10
addeimsy,1
ccdelnou,1
ghiillns,3
demrru,1
eistu,1
abhhmoorrtuu,1
abehimno,3
ggino,27
cdiilnstty,1
eistx,1
ellovy,6
adeektw,1
dddeno,2
abehrt,6
demsu,2
bceemo,13
aceelrss,2
giiklnn,1
einoprrs,1
ddehnrsu,3
opprstu,4
addeilmnst,2
deefmor,1
aceiilpsst,1
addeimrs,1
cceersy,1
inrsu,1
cdeeijnt,1
aceprtu,1
abnrw,1
acchilot,1
eflorsw,1
aacefgnrr,1
aacciilmnrsttu,1
beeklmosu,1
cdeiilosu,1
cdeiilost,1
aefrt,66
aehnort,20
aefrs,2
aceilnrty,10
acdefiilnnot,1
adggilnn,4
accdemostu,5
aefilru,2
ehinrs,1
ckluy,1
adeeknw,1
achmost,2
aginnrsw,1
noops,1
blmoo,1
eegrrt,2
adeeegimnrst,1
cdeeijor,1
agiillnory,1
bceijnoot,1
clooru,6
afilry,2
dehilrw,1
adeluv,1
egilnpt,1
aagiintw,1
aefirr,2
aelstt,2
deiklnrw,5
iisstv,1
acdiiinnost,1
ceeirsv,2
aeghlnnor,1
ccinoossu,2
deeeenstw,2
aceennrssuy,1
deoprstu,3
eissu,1
deeiinopstx,1
dnouw,2
eefnqrtu,1
begilmnrt,4
eggiilnrtt,2
ahortt,3
ceiotx,1
blmpu,1
aainssstt,11
delosv,2
deeeghlnnt,2
fgors,1
demov,14
aggiiimnns,1
ceeginors,1
aeglrv,2
ceeelnrssv,1
aiillnqrttuy,1
ghhottu,54
agghsy,3
aeglrr,4
aabdilmry,3
addeeimnoprt,1
flnoopsu,1
eeelnv,2
ahnopr,2
hkoos,8
eerrsv,1
deghsu,1
aeenpprssw,1
dekloo,48
cdeirs,1
deiklntw,1
cdeirt,4
hlmnoty,1
ceghinnrw,1
bcdemnou,1
gikmnos,2
deegilnst,1
aginoosttt,1
belmoprs,1
acilostuuy,2
eopprsu,3
gilnos,2
cdenoss,1
gilnov,1
annrtyy,1
eopprst,1
aeeglry,2
aalnrtu,1
giloorsuvy,3
cellnoorssu,1
ginortt,1
behssu,1
abdeerty,1
deopru,2
deoprv,2
fgoort,1
abdeem,1
aeeinrst,1
eeelps,1
cdiijlosuuy,1
degginnoru,2
eikntt,1
aeimnst,1
dnoru,44
eimoprs,1
ddeeorr,2
adeeeimnrsttv,3
aacdeefmt,1
aefor,2
ddruy,3
beeryz,1
acelnrt,1
deioprv,3
adilpry,1
bdeehiitx,1
cdddeeily,2
ggilnow,1
abdefl,2
acefllruy,7
ceiopr,1
ceiops,1
cdeeenptux,1
ceiopt,1
afiimnnoort,1
ilmpsy,6
acegimnt,1
alsuu,5
abegiknr,5
egiinrtty,2
orrsy,4
aelsuv,1
cdeiop,1
eehkloy,2
deoppp,1
akprs,3
biltu,3
losuy,1
cderstu,1
ahnooprs,1
abdegg,1
egiinrttt,1
deeghiw,1
ceiosv,8
dehmptu,1
ceiilnppr,1
deklsu,1
aaegimrr,6
ceffio,9
einrssu,1
ddeeenprt,1
cdeinu,2
aekpss,2
eorrttu,1
egilno,1
bhirt,1
iillmno,1
aacdeinqtu,4
dnosu,15
abdeht,2
aeehorssuw,1
bbginru,2
dnosuw,1
efhrrtu,6
ilnstu,1
ceiilnpprs,2
eillopty,1
egilns,6
egilnr,1
abdor,13
afinnt,3
aeellrrstv,1
aeehv,1
acefiostu,1
cdeiinnst,3
abelmprsuy,1
aeghlrstu,1
efgiorv,2
adghrtu,2
beehrw,1
aceimnoprt,2
aacegirr,1
abdeffl,1
adeeflntt,1
fghilnsu,1
adeeimnx,6
abceflmoort,2
afiilmnorty,1
aehlpsy,2
afhls,3
glnorsty,2
bbeorry,1
cekklnsu,1
adeeimnr,6
aiinossttu,1
adegiimn,2
beilmo,1
eehnpw,4
acdehtw,6
dfghioss,1
celost,1
abglrrsu,1
abeehnt,6
aelnoprs,3
iimorssu,1
knnnouw,5
cehipst,1
aiinnortu,1
abeehiltz,3
enpst,4
cddeeginns,2
cdeeeirsx,1
elopprry,3
adeeflrt,1
aahkmotw,5
aegimnn,1
beillt,1
bbgiilnn,1
adeoottt,2
aeefllrw,1
ehilsstw,1
gillnor,4
acdennnou,2
biknr,1
deeilpr,6
abdrs,1
eilqtuy,7
adenrw,3
beeeilrv,2
deopst,1
aegnor,2
cdeeilmnoopx,1
ceenoopst,1
aeegiinsttv,1
aabcdiillloy,1
aanrtt,1
dgiiknnr,1
aberst,2
aabbeelnru,1
cflnorsu,1
adenrt,2
aillnqrtuy,1
accnostu,1
abddeiors,1
aaepprs,2
aaepprt,1
adeorst,1
adeorsu,1
beeorsstv,1
aciloprt,1
eostv,1
deeginrs,1
egimnrry,1
aeehnv,3
ciiilmpsty,1
ainsst,1
aceeghlorstv,2
acggiint,3
eeilrsu,1
afinru,1
beglu,1
bginnottu,2
celopu,5
ahmnos,1
eimoprrs,1
hrruy,3
dffgiinsu,1
acellr,6
ceitw,11
einoopssss,1
eglnor,8
cekopst,3
ddelnsuy,17
abdly,1
aaeilnopssty,1
acdehpt,1
acchilmops,1
adentw,19
ddeegins,2
adentt,1
aeilrwy,1
eimoprss,3
abeehrt,1
cccinstu,1
acfort,2
abcehllott,1
aceinrt,3
dddeehrsu,1
aehhlty,2
adeilnnrs,1
cimsu,3
aimnrstt,1
eeginnsv,1
cdffiiltuy,3
adefgg,1
acdehmr,1
eiprrssu,4
celors,1
cfginor,1
cinrstuy,1
eegkrs,2
aeggglu,1
cdeinorsttu,1
begnu,1
adglly,1
deeenpss,1
accfiip,1
efinorrst,1
acelns,2
acelnt,1
adehmorw,2
aeegr,4
ailmpr,1
abdns,1
eeginnrt,5
abehimo,2
fhilorsu,1
acelnu,1
aabegiilmnnu,1
cehhlooossu,1
flloy,1
ddeilly,1
ainostt,3
eenprsst,1
degiillnty,1
afhsst,1
diipsttuy,1
giiklnnt,2
ginoppst,1
fgillnoow,6
degiimnp,1
abdefor,1
eefistv,1
adegmmru,1
agiilpt,1
eemopssttuu,3
efhty,1
deeenprst,7
fmors,1
aiilnqrttuy,1
adeerstyy,1
eglnty,3
aegghinrt,3
dginy,5
bcekkooopt,2
eenprstv,1
deelorsv,6
ceefilnnu,6
celnoos,1
ceipr,1
ccdgilnnou,1
ceefllprstuy,1
aepprs,4
aellvy,1
deeenprtv,1
dgino,7
eprssu,1
alnorrwy,1
cceinnoossssu,2
beeemmrrs,1
ghinrruy,3
bghmuu,1
aeoprrstt,1
eelrtt,11
begin,60
bdfllotuuy,1
fghiilnorssu,1
giinpprt,2
aeilrty,2
agilnrstt,1
aceinnt,3
adeellsst,1
allosww,2
aemrt,2
deeffinst,2
fgghiint,1
eegirrst,1
cddeinu,1
eirtuv,1
adeisswy,2
agiilns,1
aefgilnrt,1
beisstttuu,1
aaccnvy,6
agiilnw,1
ceeilpss,1
adoorswy,1
beefinst,1
bceegir,1
aefiilms,2
ghilnruy,1
bdemoor,1
cnostu,1
emmnot,16
ddeiimsss,1
ainosux,4
ckstu,4
adefhinnosu,1
ceirs,2
afillny,10
aemst,1
aelltw,1
aelnnrt,3
aefsty,3
ceinnnot,2
eprsuu,2
aacilmoopst,1
abeillssu,1
ghortuw,1
defnoortu,1
delnoprs,1
bceeeghins,1
cdfnnoou,1
adehqssu,2
aehhistww,6
ceimn,1
ablsw,1
ekops,11
acegiinnrs,1
ceimr,3
elrsu,2
acdinors,1
efggior,1
cceinost,1
glnsu,1
hiintw,18
aeerstu,1
achimos,2
ceesux,9
eeginorssv,1
efllow,7
biloosuvy,2
cenooqrru,1
eeginooprrvw,1
cginorss,1
aaegsv,5
bgilmmnu,1
efmorr,4
bceeeelnnov,1
ceils,2
eehiorstw,3
ceilv,2
acdeeimmnnoort,1
cdeeinoprv,2
abefortu,4
adeeggrst,1
aabeellorty,1
adenot,1
aacelps,1
aemns,10
addeflru,3
aemnt,1
deorttu,1
deiopr,1
ceiov,37
afillnpuy,2
deiops,1
arsst,2
adeeenrtt,2
abdes,2
cdeeginpr,3
efhrs,8
aadglnr,1
ccddenotu,4
fgiilnrt,3
arstw,2
acnnot,22
elrru,1
acgim,2
enrrstu,2
arstt,1
ceins,10
ddeilm,10
aacderttt,4
abcdelmrs,2
ejlly,1
behilt,1
cdeillot,1
adeisstt,1
ddeilr,2
gggilnru,2
aenrst,1
giinnnp,1
horsu,13
aachimrr,3
horst,8
aegnrrst,14
anpsy,1
aenrsw,13
emmmru,1
aellquy,2
aehrrty,1
gimnnors,2
acgiinnnot,1
gimnnoru,1
aceilnnrtuy,1
cgilnnostu,1
blluy,1
aaceghlnr,1
aajnv,1
hnortw,2
aeeginrrtt,1
fiilmpsy,1
giinnnw,2
aabeelort,1
deehmorst,1
aenrtu,9
egiilnv,1
bdginsuu,1
dehlru,1
bddeiors,1
accept,1
glory,5
bdelmstu,1
aabeilm,1
adeenr,1
aegilnqsu,1
aaceglnorttu,2
ccdeefinno,3
inrtwy,1
adeeprsu,1
eeeginnprrst,3
aabbhst,1
cdeilprsu,1
accesu,1
adeeinrstt,1
aefmorr,1
aaistw,1
ehoss,1
degins,5
cddeeu,6
ehost,38
ehosu,20
ehosv,1
ehosw,18
ginvy,1
cllnnooy,1
acgilnnu,1
aeehhhinst,1
anoprt,1
cddeei,1
ceinnosstt,1
aceeennstv,1
deimnoot,2
acginr,1
fiottu,1
effrsu,4
ceelrtu,1
ghiillnss,2
acginp,3
aaeinopprrst,1
eeflt,2
ddeipp,2
eglru,1
eefls,2
aginsty,1
aeiillnqrstu,1
acceelmnnot,1
bciistu,1
belmtu,1
aacdeejltu,1
aabeglnprsu,1
ffghilrtu,2
iimsss,1
delov,9
delow,1
dginost,1
cdghiin,1
deloy,1
ghilnow,2
hknsu,2
beeeilv,13
prssu,1
ginty,1
fimnor,1
aceeefrr,1
adelmprt,2
eirtw,4
acgilnps,1
abcdeemr,1
adeest,5
adeeltx,2
aginssy,1
agiinnpt,2
acgilnpp,1
fills,3
dekmos,1
aellry,22
eeeilnpsss,1
aghlsty,1
ceeennst,1
deffpu,2
cegoors,56
eeeimnrrtt,1
adefggl,1
abcdeeelrt,2
abccoot,3
aaeegrv,1
addeehrt,1
beehrty,1
ehors,1
ccinnoorsttu,1
bceeloorrttu,1
acdeegklnosw,1
ehort,70
acdeilmnop,1
aellru,1
adegnorsu,3
aillnosuv,1
aeiirrst,1
adeerr,3
beeiilnprssxy,1
cdeiilostu,1
deffnsu,1
adiinn,2
belmru,1
accdehilmops,1
cghosu,1
aaccfiiilrs,1
aillnpy,1
opsst,1
aeevw,2
acenpttuu,1
acprs,1
aajlp,1
aostt,1
deiimnprt,1
ginrs,1
eirrv,2
deefllw,1
efiln,1
nnsuy,2
imnor,1
ghiilnttw,1
bdeeorsv,11
eeopprsss,1
ggghinrsu,1
cdehmnu,2
cdeemmnor,1
aabborrsu,1
acderstt,1
deffno,1
lmopprty,1
egiinrrt,1
adeiprr,1
ceinoprst,1
adeiprs,4
bnosttu,2
ginsw,8
acgirs,1
ceinoprsv,1
aellps,1
aaegmn,2
ehops,2
ginss,5
ginst,1
ginsu,4
cegiinnoort,1
aimnnos,1
deehrsu,1
eforruv,1
agiinnst,1
aafiilmr,5
eggorr,53
aiikmnn,1
accgikln,1
aaiillt,1
eensv,17
bdgiilnu,2
cersu,1
deettw,3
eenss,7
cefmoorrt,1
chiklmost,3
adeelps,4
enttwy,8
elnntu,1
adeegr,1
aacfinstt,1
eerssv,1
ddeiopss,1
cehkoy,1
acilloty,1
ginostw,1
aaahknrst,1
dllouy,1
aeginpsty,1
eilopstuy,1
aegilnnr,2
agillnosww,1
aglpuy,1
eeimmors,1
ceghiorstt,1
eenrv,74
eenrw,1
deilnsw,1
accehn,10
eenrt,6
acefilstu,2
ddeioprv,1
abdeehilsst,1
adfhlnsu,1
acimnort,2
eefprr,1
eoppssu,7
aeeellmnt,1
lloswy,14
adeefr,2
eegimnt,2
egiinnosu,1
eegimns,3
bhiirst,2
bnrtu,3
eerstt,21
cdeiilpss,1
aeers,1
abdeost,1
aaillmnoprtt,2
aacdeinr,1
aaiilnt,1
aeegnv,1
accgiknr,1
cdors,1
beegilmnrs,1
deilnps,1
ghiilmty,2
adeelrx,1
cdorw,4
ceruv,2
adeelrt,3
adeelrs,2
behrst,1
abehlnoor,1
aeirtvy,1
egilmps,4
eimnnot,4
ceiijnstu,1
delmo,3
eilrsv,4
dggilnos,1
aadlnu,3
acekpt,1
aeest,1
dellw,1
adeehv,1
aehimnsstu,5
aaehiiortttuv,1
eentv,2
ceiosty,1
deeefprrr,1
adgilnr,1
adeeht,1
aeelrsty,1
allsst,1
adgilnn,3
acdgghiinrs,1
adeehp,3
aeghimnrt,3
ceegimnnoprs,1
cdeeijprsu,1
kloos,1
ghhotu,30
deginnorsu,1
eeimmns,4
cdehko,3
bcdeeiprrssu,1
eillnss,2
aeelv,7
eeghinwz,1
addhooossww,1
aeinptt,3
eelrrvy,1
adddeerss,3
egiinrstu,1
ceinot,5
aarry,1
ckkno,6
ciiintvy,1
aeinotvx,1
deeiqrru,2
adegrrs,1
ccdehklu,3
aacdeiosst,2
adeelmr,1
giilnv,6
blmosy,4
eeenprrsst,1
eginnrrtu,2
aaabelnnrrtuw,1
aceginpr,1
eeehnrvw,8
acdeeilmx,2
giilnp,1
aceginps,1
ghiprtu,4
aegnrsstt,1
aeent,1
hinoorz,1
aeegrs,1
osttu,1
hipss,2
cdeeginoprs,2
deeiqruv,1
aeeilntttvy,1
aaccdelltu,1
einrttw,4
eenqu,1
aacehmmnnrt,1
acdeiqttu,1
aabcdennu,1
dhiilnrsww,1
aachilpst,1
adeelnr,2
cceehkkorrw,1
abbhsy,4
aghmnoopr,1
bghilrty,1
addnorsww,1
abeill,1
beegghiilmrrst,1
iinooopprst,1
aderrsw,2
ddeelopr,1
aehhlt,1
cdiillorsuuy,1
ailorsty,1
gimnnor,17
cghiilln,1
bmoos,1
aeelrst,1
cdemmooor,1
adeelp,2
aeelrsv,11
adegrty,1
adeeln,6
egiinnoqstu,3
ceinpr,3
ccddeennos,2
acpprsy,1
defhlsu,1
egilmmr,1
bmoor,1
adeelr,1
